data_iniSE,epiweek,casos_est,casos_est_min,casos_est_max,casos,municipio_geocodigo,p_rt1,p_inc100k,Localidade_id,nivel,id,versao_modelo,Rt,municipio_nome,pop,tempmin,umidmax,receptivo,transmissao,nivel_inc,umidmed,umidmin,tempmed,tempmax,casprov,casprov_est,casprov_est_min,casprov_est_max,casconf,precip_total
2022-12-04,202249,98,98,98,98,3304557,0.47070056,1.452322,0,1,330455720224919700,2023-12-17,0.9896027,Rio de Janeiro,6747815,22,89.375718,1,0,1,74.9937762857143,57.8374511428571,25.4740257142857,29.4285714285714,24,NA,NA,NA,NA,135.2359
2022-12-11,202250,123,123,123,123,3304557,0.98636544,1.8228123,0,1,330455720225019700,2023-12-27,1.3540077,Rio de Janeiro,6747815,21,90.3509966666667,0,1,1,73.5068166666667,51.23129,25.0713383333333,29.8333333333333,43,NA,NA,NA,NA,108.9025
2022-12-18,202251,117,117,117,117,3304557,0.8770603,1.7338946,0,1,330455720225119740,2023-12-27,1.1705892,Rio de Janeiro,6747815,22,91.24947,1,0,1,83.38519,73.80251,23.0272435,25,36,NA,NA,NA,NA,303.2933
2022-12-25,202252,163,163,163,163,3304557,0.9982087,2.4155967,0,1,330455720225219700,2024-01-12,1.4215776,Rio de Janeiro,6747815,22.3333333333333,92.22857,1,1,1,80.6600933333333,69.358795,24.7015153333333,27,67,NA,NA,NA,NA,184.5677
2023-01-01,202301,230,230,230,230,3304557,0.99999976,3.4085107,0,3,330455720230119740,2024-01-18,1.7139512,Rio de Janeiro,6747815,22.4285714285714,92.5873994285714,1,1,1,78.1880928571429,63.0343021428571,24.9761905714286,28.4285714285714,106,NA,NA,NA,NA,275.138
2023-01-08,202302,218,218,218,218,3304557,0.995155,3.2306755,0,3,330455720230219800,2024-01-25,1.3026527,Rio de Janeiro,6747815,23.4285714285714,89.9808285714286,1,1,1,82.592395,69.3316824285714,25.0714285714286,28.2857142857143,92,NA,NA,NA,NA,274.6743
2023-01-15,202303,246,246,246,246,3304557,0.9771994,3.6456246,0,3,330455720230319740,2024-01-25,1.2077812,Rio de Janeiro,6747815,26.7142857142857,77.1570837142857,1,1,1,77.1570837142857,77.1570837142857,26.7142857142857,26.7142857142857,125,NA,NA,NA,NA,54.3049
2023-01-22,202304,312,312,312,312,3304557,0.9998428,4.6237187,0,3,330455720230419800,2024-01-30,1.3656247,Rio de Janeiro,6747815,25.1428571428571,82.1437925714286,1,1,1,82.1437925714286,82.1437925714286,25.1428571428571,25.1428571428571,144,NA,NA,NA,NA,158.06470000000002
2023-01-29,202305,383,383,383,383,3304557,0.99999934,5.6759114,0,3,330455720230519740,2024-02-07,1.4696335,Rio de Janeiro,6747815,25.5714285714286,83.8827211428571,1,1,1,79.6925188571429,72.2570682857143,26.5773808571429,28.5714285714286,203,NA,NA,NA,NA,104.2033
2023-02-05,202306,525,525,525,525,3304557,1,7.923513,0,3,330455720230619800,2024-02-15,1.6493363,Rio de Janeiro,6625849,25.2857142857143,84.6093591428571,1,1,1,83.9598165714286,83.310275,25.2857142857143,25.2857142857143,295,NA,NA,NA,NA,272.2288
2023-02-12,202307,372,372,372,372,3304557,0.2526511,5.6143746,0,3,330455720230719740,2024-02-21,0.95291066,Rio de Janeiro,6625849,24.9333333333333,86.4308133333333,1,0,1,83.6260754666667,80.823998,25.3888888,25.8,176,NA,NA,NA,NA,284.4384
2023-02-19,202308,507,507,507,507,3304557,0.9888539,7.6518497,0,2,330455720230819800,2024-02-27,1.1605749,Rio de Janeiro,6625849,23.76,91.9395964,1,1,1,78.69903688,61.2907004,26.96333344,31.24,237,NA,NA,NA,NA,50.0932
2023-02-26,202309,870,870,870,870,3304557,1,13.130393,0,3,330455720230919800,2024-03-05,1.8623381,Rio de Janeiro,6625849,26.5652173913043,79.2728502608696,1,1,2,76.7611115652174,74.7959257391304,27.0942027826087,27.5652173913043,443,NA,NA,NA,NA,40.3717
2023-03-05,202310,945,945,945,945,3304557,1,14.262323,0,3,330455720231019800,2024-03-13,1.6172416,Rio de Janeiro,6625849,25.8571428571429,81.5570647142857,1,1,2,79.748143,78.1524784285714,26.1666665714286,26.4285714285714,455,NA,NA,NA,NA,41.6464
2023-03-12,202311,1125,1125,1125,1125,3304557,1,16.978956,0,4,330455720231119800,2024-03-19,1.4384131,Rio de Janeiro,6625849,24.8947368421053,82.1735726315789,1,1,2,81.4420851578947,80.7105981578947,24.9736842105263,25.0526315789474,543,NA,NA,NA,NA,134.28050000000002
2023-03-19,202312,1382,1382,1382,1382,3304557,1,20.857704,0,4,330455720231219840,2024-03-27,1.4342816,Rio de Janeiro,6625849,24,88.5891446153846,1,1,2,74.8795039230769,57.8367590769231,26.9166667692308,30.7692307692308,767,NA,NA,NA,NA,7.0537
2023-03-26,202313,1580,1580,1580,1580,3304557,1,23.846,0,4,330455720231319800,2024-04-02,1.3781551,Rio de Janeiro,6625849,23.5769230769231,89.6739012307692,1,1,2,80.4843574615385,69.4006986923077,25.5512818461538,28,823,NA,NA,NA,NA,138.5385
2023-04-02,202314,1420,1420,1420,1420,3304557,0.9419985,21.431215,0,4,330455720231419840,2024-04-08,1.0616965,Rio de Janeiro,6625849,22,94.08686,1,0,2,78.9160121428571,61.5469862857143,24.619048,27.8571428571429,787,NA,NA,NA,NA,108.2548
2023-04-09,202315,1783,1783,1783,1783,3304557,1,26.90976,0,4,330455720231519800,2024-04-15,1.2132208,Rio de Janeiro,6625849,20.7142857142857,95.7458942857143,0,1,2,80.7760205714286,58.9473221428571,24.1904762857143,29,964,NA,NA,NA,NA,112.0799
2023-04-16,202316,1502,1502,1502,1502,3304557,0.23936632,22.668793,0,4,330455720231619840,2024-04-22,0.97464806,Rio de Janeiro,6625849,21.2857142857143,93.2862714285714,1,0,2,77.3964678571429,57.5178611428571,24.5178571428571,28,816,NA,NA,NA,NA,131.5699
2023-04-23,202317,1572,1572,1572,1572,3304557,0.34295422,23.725262,0,4,330455720231719900,2024-04-29,0.9857314,Rio de Janeiro,6625849,20.4285714285714,92.4114291428571,0,0,2,78.7258365714286,60.3022841428571,23.3928571428571,27.1428571428571,895,NA,NA,NA,NA,88.1311
2023-04-30,202318,1919,1919,1919,1919,3304557,1,28.962326,0,4,330455720231819840,2024-05-06,1.2015945,Rio de Janeiro,6625849,22.7619047619048,88.057656952381,1,1,2,86.2529474285714,83.7905211428571,23.1031744761905,23.5714285714286,1058,NA,NA,NA,NA,24.2176
2023-05-07,202319,1807,1807,1807,1807,3304557,0.995328,27.271976,0,4,330455720231919900,2024-05-13,1.0924182,Rio de Janeiro,6625849,21.8636363636364,88.8520834545455,1,1,2,84.5371289090909,79.3549600909091,22.4515152727273,23.2727272727273,1075,NA,NA,NA,NA,92.6903
2023-05-14,202320,1731,1731,1731,1731,3304557,0.28015295,26.124954,0,4,330455720232019840,2024-05-20,0.9804962,Rio de Janeiro,6625849,18.1304347826087,87.2980060869565,0,0,2,76.8775522608696,61.8836966086957,20.4565217391304,22.7826086956522,993,NA,NA,NA,NA,13.0236
2023-05-21,202321,1479,1479,1479,1479,3304557,9.75479e-8,22.321669,0,4,330455720232119900,2024-05-27,0.83293986,Rio de Janeiro,6625849,18.72,89.666396,0,0,2,78.27734368,58.07564868,22.05000016,26.08,807,NA,NA,NA,NA,0.3419
2023-05-28,202322,1328,1328,1328,1328,3304557,2.4545233e-10,20.042715,0,4,330455720232219900,2024-06-03,0.7960871,Rio de Janeiro,6625849,20.2,88.834726,0,0,2,88.264806,87.6893094,20.2833332,20.5,795,NA,NA,NA,NA,124.1124
2023-06-04,202323,1238,1238,1238,1238,3304557,1.961739e-7,18.684399,0,4,330455720232319900,2024-06-10,0.8234976,Rio de Janeiro,6625849,16.4635857142857,92.7973714285714,0,0,2,79.7841,54.3063714285714,20.4796285714286,26.3375285714286,737,NA,NA,NA,NA,1.1439
2023-06-11,202324,1348,1348,1348,1348,3304557,0.39592624,20.344563,0,4,330455720232419900,2024-06-10,0.9899132,Rio de Janeiro,6625849,19.9046,91.9111285714286,0,0,2,82.430442857142907,64.6585,22.4527142857143,26.1682857142857,782,NA,NA,NA,NA,42.4503
2023-06-18,202325,1236,1236,1236,1236,3304557,0.11686673,18.654213,0,4,330455720232519900,2024-06-24,0.95377296,Rio de Janeiro,6625849,18.7,78.0046084,0,0,2,77.2142524,76.07663825,19.025,19.35,702,NA,NA,NA,NA,8.7891
2023-06-25,202326,996,996,996,996,3304557,4.794721e-9,15.032036,0,4,330455720232619900,2024-07-01,0.78507173,Rio de Janeiro,6625849,19.7142857142857,84.4387274285714,0,0,2,81.390786,78.5984042857143,20.2142857142857,20.7142857142857,497,NA,NA,NA,NA,15.5607
2023-07-02,202327,835,835,835,835,3304557,8.548717e-15,12.602159,0,4,330455720232719940,2024-07-09,0.7086593,Rio de Janeiro,6625849,17.45,82.800435,0,0,2,81.43199885,79.5288695,17.8642858,18.45,415,NA,NA,NA,NA,15.1522
2023-07-09,202328,770,770,770,770,3304557,1.9708464e-9,11.621152,0,4,330455720232819900,2024-07-15,0.75602317,Rio de Janeiro,6625849,19.4214285714286,89.1566142857143,0,0,2,75.4329428571429,56.6501428571429,22.1823714285714,26.3498714285714,394,NA,NA,NA,NA,45.3062
2023-07-16,202329,647,647,647,647,3304557,6.1527237e-9,9.764787,0,4,330455720232919940,2024-07-25,0.74518234,Rio de Janeiro,6625849,17.9093285714286,88.8996571428572,0,0,2,80.5619857142857,67.3520714285714,20.3571857142857,23.5575,318,NA,NA,NA,NA,42.4782
2023-07-23,202330,557,557,557,557,3304557,2.0542172e-8,8.40647,0,4,330455720233019900,2024-07-30,0.73746103,Rio de Janeiro,6625849,18.4884857142857,92.4585285714286,0,0,1,80.0830142857143,58.4011285714286,21.9487,26.6419571428571,248,NA,NA,NA,NA,30.9233
2023-07-30,202331,603,603,603,603,3304557,0.050081395,9.10072,0,1,330455720233119940,2024-08-06,0.91165924,Rio de Janeiro,6625849,17.1542714285714,92.1810142857143,0,0,2,80.7280857142857,60.2499285714286,20.4131428571429,25.0305571428571,281,NA,NA,NA,NA,14.4115
2023-08-06,202332,536,536,536,536,3304557,0.030616185,8.089529,0,1,3.3045572023321997e+17,2024-08-14,0.89479154,Rio de Janeiro,6625849,19.5280285714286,90.5779571428571,0,0,1,76.5445,55.7634428571429,22.8695142857143,27.7186,250,NA,NA,NA,NA,33.1524
2023-08-13,202333,534,534,534,534,3304557,0.1244978,8.059344,0,1,330455720233319940,2024-08-21,0.93303585,Rio de Janeiro,6625849,19.9024,89.5918428571429,0,0,1,79.1911285714286,63.9026142857143,22.4488428571429,25.8988428571429,227,NA,NA,NA,NA,49.3446
2023-08-20,202334,505,505,505,505,3304557,0.08628571,7.621665,0,1,3.3045572023341997e+17,2024-08-27,0.9194124,Rio de Janeiro,6625849,19.9392142857143,90.6021714285714,0,0,1,76.5128714285714,54.5233857142857,23.3324714285714,28.5243,201,NA,NA,NA,NA,67.9103
2023-08-27,202335,459,459,459,459,3304557,0.017856747,6.927414,0,1,33045572023352e4,2024-09-03,0.87458324,Rio de Janeiro,6625849,17.9162,91.7952285714286,0,0,1,84.1522857142857,72.5597571428571,20.2468571428571,23.1287142857143,180,NA,NA,NA,NA,195.8509
2023-09-03,202336,446,446,446,446,3304557,0.04666416,6.731213,0,1,3.3045572023361997e+17,2024-09-12,0.8964647,Rio de Janeiro,6625849,20.6991571428571,87.9818714285714,0,0,1,77.0852428571429,59.4700428571429,23.8151857142857,28.1098571428571,164,NA,NA,NA,NA,40.300999999999995
2023-09-10,202337,550,550,550,550,3304557,0.9911103,8.300823,0,1,33045572023372e4,2024-09-17,1.1598191,Rio de Janeiro,6625849,19.7167285714286,88.5132428571429,0,1,1,74.1210857142857,53.774,23.5620142857143,28.4722285714286,219,NA,NA,NA,NA,73.0512
2023-09-17,202338,519,519,519,519,3304557,0.8926874,7.8329587,0,1,3.3045572023381997e+17,2024-09-24,1.0816946,Rio de Janeiro,6625849,20.7192285714286,90.7639714285714,0,0,1,74.5248,50.2639714285714,24.9454428571429,30.5400142857143,221,NA,NA,NA,NA,0.1205
2023-09-24,202339,446,446,446,446,3304557,0.02964183,6.731213,0,1,33045572023392e4,2024-10-02,0.88475883,Rio de Janeiro,6625849,21.7035142857143,90.2691857142857,1,0,1,77.6728857142857,59.1178571428571,24.4339428571429,28.8561285714286,207,NA,NA,NA,NA,22.851
2023-10-01,202340,472,472,472,472,3304557,0.18681471,7.1236153,0,1,3.3045572023402003e+17,2024-10-09,0.9445286,Rio de Janeiro,6625849,22.0612714285714,92.8211285714286,1,0,1,84.4095,71.7851,24.1390428571429,27.2779571428571,193,NA,NA,NA,NA,188.4911
2023-10-08,202341,380,380,380,380,3304557,9.992091e-4,5.735114,0,2,33045572023412e4,2024-10-16,0.8085594,Rio de Janeiro,6625849,22.3590857142857,92.6474,1,0,1,84.874,73.3621857142857,24.1755285714286,26.9240571428571,172,NA,NA,NA,NA,147.8971
2023-10-15,202342,464,464,464,464,3304557,0.7494623,7.0028763,0,2,3.3045572023422003e+17,2024-10-23,1.0456583,Rio de Janeiro,6625849,21.2718571428571,89.6377285714286,1,0,1,82.4633428571429,71.7073428571429,23.0559285714286,25.5558142857143,212,NA,NA,NA,NA,152.9085
2023-10-22,202343,450,450,450,450,3304557,0.7625061,6.7915826,0,2,33045572023432e4,2024-10-30,1.0493596,Rio de Janeiro,6625849,21.4660428571429,90.9163714285714,1,0,1,82.7997571428571,70.7042857142857,23.6369,26.8225428571429,214,NA,NA,NA,NA,100.9575
2023-10-29,202344,481,481,481,481,3304557,0.9147414,7.259447,0,2,3.3045572023442003e+17,2024-11-05,1.0945619,Rio de Janeiro,6625849,23.3971714285714,91.1584285714286,1,0,1,80.7131,65.3963142857143,25.7932428571429,29.2617142857143,270,NA,NA,NA,NA,134.9403
2023-11-05,202345,704,704,704,704,3304557,1,10.625053,0,1,330455720234520060,2024-11-12,1.5014987,Rio de Janeiro,6625849,20.5856142857143,84.6023428571429,0,1,1,70.8361714285714,52.1862857142857,24.0985857142857,28.8349857142857,385,NA,NA,NA,NA,2.4778
2023-11-12,202346,571,571,571,571,3304557,0.89876497,8.6177635,0,1,3.3045572023462003e+17,2024-11-19,1.0798972,Rio de Janeiro,6625849,25.3153285714286,91.1391,1,0,1,72.6433142857143,47.7055571428571,29.4324,35.3842285714286,331,NA,NA,NA,NA,7.9344
2023-11-19,202347,900,900,900,900,3304557,1,13.583165,0,1,330455720234720060,2024-11-29,1.4744326,Rio de Janeiro,6625849,23.4174285714286,89.5124857142857,1,1,2,78.9135571428571,65.1963142857143,25.9097428571429,29.3165857142857,527,NA,NA,NA,NA,334.0101
2023-11-26,202348,983,983,983,983,3304557,1,14.8358345,0,4,3.3045572023482003e+17,2024-12-03,1.4102958,Rio de Janeiro,6625849,22.2267714285714,91.1691142857143,1,1,2,77.6062571428571,61.8870285714286,25.2683142857143,28.9385,570,NA,NA,NA,NA,111.796
2023-12-03,202349,1149,1149,1149,1149,3304557,1,17.341173,0,4,330455720234920060,2024-12-10,1.3718576,Rio de Janeiro,6625849,24.3112285714286,93.2488285714286,1,1,2,79.2977142857143,62.8614857142857,27.1073,30.8049428571429,726,NA,NA,NA,NA,136.8832
2023-12-10,202350,1411,1411,1411,1411,3304557,1,21.295383,0,4,330455720235020100,2024-12-17,1.4137423,Rio de Janeiro,6625849,21.6109714285714,90.9290428571429,1,1,2,76.1185428571429,57.9140571428571,24.8948142857143,28.9311714285714,974,NA,NA,NA,NA,90.9181
2023-12-17,202351,1098,1098,1098,1098,3304557,0.14507446,16.57146,0,4,330455720235120060,2024-12-23,0.9563452,Rio de Janeiro,6625849,22.9563,91.3377,1,0,2,74.3208857142857,53.5911857142857,26.2965571428571,30.6987571428571,922,NA,NA,NA,NA,14.2447
2023-12-24,202352,1198,1198,1198,1198,3304557,0.26831552,18.080702,0,4,330455720235220100,2024-12-30,0.9752268,Rio de Janeiro,6625849,23.6519142857143,86.8901857142857,1,0,2,71.2181428571429,53.9967142857143,27.0679857142857,30.9614,994,NA,NA,NA,NA,76.664
2023-12-31,202401,2421,2421,2421,2421,3304557,1,36.538715,0,4,330455720240120060,2025-01-07,1.9114681,Rio de Janeiro,6625849,22.6193142857143,89.3218857142857,1,1,2,79.3918714285714,65.3508857142857,24.6023857142857,27.2626285714286,1501,NA,NA,NA,NA,97.6419
2024-01-07,202402,3010,3010,3010,3010,3304557,1,45.42814,0,4,330455720240220100,2025-01-14,1.9128249,Rio de Janeiro,6625849,24.4706428571429,90.7496,1,1,2,73.7359571428571,55.2503714285714,27.9452,32.0431,1767,NA,NA,NA,NA,119.569
2024-01-14,202403,3800,3800,3800,3800,3304557,1,57.35114,0,4,330455720240320100,2025-01-21,1.6847337,Rio de Janeiro,6625849,25.7803571428571,91.2030285714286,1,1,2,76.0210142857143,57.8434428571429,28.9142142857143,32.9022285714286,2267,NA,NA,NA,NA,96.5672
2024-01-21,202404,4891,4891,4891,4891,3304557,1,73.816956,0,4,330455720240420100,2025-01-28,1.6085827,Rio de Janeiro,6625849,21.8847285714286,93.3217571428571,1,1,2,85.9115142857143,76.7569857142857,23.7086571428571,25.7708857142857,3156,NA,NA,NA,NA,399.1425
2024-01-28,202405,7982,7982,7982,7982,3304557,1,120.46758,0,4,330455720240520100,2025-02-04,1.9978906,Rio de Janeiro,6625849,22.7977571428571,94.3458428571429,1,1,2,82.2012,64.3737571428571,25.6826285714286,29.7274571428571,5196,NA,NA,NA,NA,115.4267
2024-02-04,202406,10068,10068,NA,10068,3304557,1,151.95033,0,4,330455720240620160,2025-02-11,1.8241075,Rio de Janeiro,6625849,23.4196285714286,94.0718428571429,1,1,2,78.882,61.0074714285714,26.6648571428571,30.6637571428571,8046,NA,NA,NA,NA,44.1902
2024-02-11,202407,13539,13539,NA,13539,3304557,1,204.33607,0,4,330455720240720100,2025-02-18,1.7460179,Rio de Janeiro,6625849,24.0546142857143,89.3992285714286,1,1,2,76.5744714285714,60.5301285714286,26.9117714285714,30.7361428571429,12358,NA,NA,NA,NA,129.07739999999998
2024-02-18,202408,16339,16339,NA,16339,3304557,1,246.59482,0,4,330455720240820160,2025-02-26,1.5729148,Rio de Janeiro,6625849,23.9167571428571,91.8427142857143,1,1,2,81.7803285714286,66.3558714285714,26.2614,29.9673857142857,15067,NA,NA,NA,NA,134.1101
2024-02-25,202409,14550,14550,NA,14550,3304557,1,219.5945,0,4,330455720240920100,2025-03-06,1.1166737,Rio de Janeiro,6625849,24.4299142857143,92.0358428571429,1,1,2,80.6158285714286,65.5541428571429,26.9634285714286,30.299,13305,NA,NA,NA,NA,52.514
2024-03-03,202410,11999,11999,NA,11999,3304557,0,181.09378,0,4,330455720241020160,2025-03-11,0.8250993,Rio de Janeiro,6625849,22.7226285714286,93.7982571428571,1,0,2,79.9846714285714,62.8002142857143,25.9607571428571,29.8014285714286,11136,NA,NA,NA,NA,86.3614
2024-03-10,202411,10154,10154,NA,10154,3304557,0,153.24829,0,4,330455720241120200,2025-03-18,0.7259868,Rio de Janeiro,6625849,23.1251857142857,94.556,1,0,2,79.3174857142857,61.7723571428571,26.5092285714286,30.3423142857143,9430,NA,NA,NA,NA,40.3248
2024-03-17,202412,7593,7593,7593,7593,3304557,0,114.596634,0,4,330455720241220160,2025-03-24,0.6266078,Rio de Janeiro,6625849,24.7415857142857,90.9787571428571,1,0,2,78.3295142857143,61.4830857142857,27.6923571428571,31.4456285714286,7048,NA,NA,NA,NA,261.9597
2024-03-24,202413,4105,4105,4105,4105,3304557,0,61.954323,0,4,330455720241320200,2025-04-01,0.41577402,Rio de Janeiro,6625849,22.2580285714286,95.2120428571429,1,0,2,88.3357,76.5698571428571,23.5867571428571,25.4453,3830,NA,NA,NA,NA,253.3453
2024-03-31,202414,4413,4413,4413,4413,3304557,0,66.60278,0,4,330455720241420160,2025-04-10,0.5937511,Rio de Janeiro,6625849,21.0899,97.4697428571429,1,0,2,82.9484714285714,63.8867,24.4085714285714,28.3025428571429,4033,NA,NA,NA,NA,9.859
2024-04-07,202415,3433,3433,3433,3433,3304557,0,51.81223,0,4,330455720241520200,2025-04-15,0.64390486,Rio de Janeiro,6625849,21.9763285714286,95.6055857142857,1,0,2,83.2794714285714,66.6229285714286,24.6914714285714,27.9449142857143,3099,NA,NA,NA,NA,36.5086
2024-04-14,202416,2579,2579,2579,2579,3304557,0,38.923313,0,4,330455720241620200,2025-04-23,0.61693597,Rio de Janeiro,6625849,21.4813571428571,89.5107428571429,1,0,2,75.8657428571429,59.3864714285714,24.1468714285714,27.5565142857143,2336,NA,NA,NA,NA,56.5014
2024-04-21,202417,2040,2040,2040,2040,3304557,0,30.788507,0,4,330455720241720200,2025-04-29,0.59505916,Rio de Janeiro,6625849,20.0138142857143,90.1656,0,0,2,74.3735857142857,52.7380142857143,23.8927142857143,28.8204571428571,1851,NA,NA,NA,NA,12.9079
2024-04-28,202418,1996,1996,1996,1996,3304557,0,30.124441,0,4,330455720241820200,2025-05-06,0.7342473,Rio de Janeiro,6625849,21.8314571428571,90.922,1,0,2,72.2940571428571,46.5588,26.4268428571429,31.9474142857143,1843,NA,NA,NA,NA,0.1109
2024-05-05,202419,1869,1869,1869,1869,3304557,1.0629025e-8,28.207706,0,4,330455720241920260,2025-05-16,0.8391563,Rio de Janeiro,6625849,20.6234714285714,88.8572428571429,0,0,2,69.5772,43.3874857142857,25.6086857142857,31.3372714285714,1738,NA,NA,NA,NA,0.06999999999999999
2024-05-12,202420,1611,1611,1611,1611,3304557,2.3282931e-10,24.313866,0,4,330455720242020200,2025-05-20,0.8119199,Rio de Janeiro,6625849,21.3986142857143,88.1564857142857,1,0,2,73.2427571428571,52.4756857142857,24.9709714285714,29.4423142857143,1482,NA,NA,NA,NA,29.5196
2024-05-19,202421,1281,1281,1281,1281,3304557,0,19.333372,0,4,330455720242120260,2025-05-28,0.70779216,Rio de Janeiro,6625849,20.5616857142857,92.4196,0,0,2,77.8365571428571,55.2440571428571,23.7433285714286,28.1088714285714,1152,NA,NA,NA,NA,26.8579
2024-05-26,202422,775,775,775,775,3304557,0,11.696614,0,4,330455720242220200,2025-06-03,0.4955376,Rio de Janeiro,6625849,18.1564285714286,91.5817428571429,0,0,1,80.3804428571429,66.1434285714286,20.3501285714286,22.8471428571429,695,NA,NA,NA,NA,102.7127
2024-06-02,202423,885,885,885,885,3304557,2.220446e-15,13.356779,0,1,330455720242320260,2025-06-10,0.71015567,Rio de Janeiro,6625849,17.1701428571429,94.1322571428571,0,0,2,80.8339285714286,59.4416428571429,20.8782,25.3494428571429,781,NA,NA,NA,NA,35.526399999999995
2024-06-09,202424,832,832,832,832,3304557,4.218149e-4,12.556881,0,4,330455720242420200,2025-06-17,0.85443556,Rio de Janeiro,6625849,16.1474285714286,88.9999142857143,0,0,2,69.7597714285714,43.3762142857143,21.9124857142857,28.3935142857143,719,NA,NA,NA,NA,0.0234
2024-06-16,202425,727,727,727,727,3304557,5.074002e-4,10.972178,0,4,330455720242520260,2025-06-24,0.8475984,Rio de Janeiro,6625849,15.8707142857143,85.4243428571429,0,0,1,64.6792,35.9942857142857,22.1554142857143,29.0131714285714,603,NA,NA,NA,NA,0.0243
2024-06-23,202426,569,569,569,569,3304557,1.7936208e-10,8.587579,0,1,330455720242620300,2025-07-01,0.7108624,Rio de Janeiro,6625849,19.4901142857143,87.1860285714286,0,0,1,72.0472857142857,50.7991,23.1226571428571,27.9787428571429,481,NA,NA,NA,NA,10.765
2024-06-30,202427,508,508,508,508,3304557,4.5564392e-9,7.666942,0,1,330455720242720260,2025-07-09,0.7176662,Rio de Janeiro,6625849,17.0553571428571,91.2076857142857,0,0,1,78.6628285714286,57.9991142857143,20.5749714285714,24.9065571428571,410,NA,NA,NA,NA,81.9842
2024-07-07,202428,453,453,453,453,3304557,3.1314285e-6,6.8368597,0,1,330455720242820300,2025-07-15,0.7559598,Rio de Janeiro,6625849,18.9627714285714,96.1099857142857,0,0,1,87.1135285714286,72.8621142857143,20.9078285714286,23.8856285714286,309,NA,NA,NA,NA,32.461
2024-07-14,202429,433,433,433,433,3304557,0.0033699067,6.535012,0,1,330455720242920300,2025-07-23,0.83850837,Rio de Janeiro,6625849,17.3365428571429,96.9634428571429,0,0,1,83.7200857142857,61.4084285714286,19.9572428571429,23.7426428571429,293,NA,NA,NA,NA,50.0501
2024-07-21,202430,378,378,378,378,3304557,0.0016891628,5.7049294,0,1,330455720243020300,2025-07-29,0.81662744,Rio de Janeiro,6625849,14.8601,93.9739714285714,0,0,1,75.5045428571429,47.8821142857143,19.8839142857143,25.6557142857143,231,NA,NA,NA,NA,1.0858
2024-07-28,202431,382,382,382,382,3304557,0.06714752,5.765299,0,1,330455720243120300,2025-08-05,0.89989936,Rio de Janeiro,6625849,16.805271428571402,92.5954857142857,0,0,1,77.2713857142857,56.6331142857143,20.6216428571429,25.1612714285714,261,NA,NA,NA,NA,34.759
2024-08-04,202432,319,319,319,319,3304557,0.003050432,4.8144774,0,1,330455720243220300,2025-08-12,0.8137424,Rio de Janeiro,6625849,17.4687,89.0138,0,0,1,70.6449,45.3576571428571,22.4457571428571,28.4358,198,NA,NA,NA,NA,140.3805
2024-08-11,202433,285,285,285,285,3304557,0.0012280036,4.3013353,0,1,330455720243320300,2025-08-21,0.7875288,Rio de Janeiro,6625849,13.7385714285714,89.2387428571429,0,0,1,70.9425142857143,46.4702285714286,19.0043428571429,24.9803857142857,171,NA,NA,NA,NA,35.0479
2024-08-18,202434,295,295,295,295,3304557,0.099713616,4.4522595,0,1,330455720243420350,2025-08-28,0.90221417,Rio de Janeiro,6625849,17.5144142857143,89.1566142857143,0,0,1,68.6133714285714,42.6126428571429,23.0504714285714,29.7508857142857,189,NA,NA,NA,NA,1.3971
2024-08-25,202435,256,256,256,256,3304557,0.035538662,3.8636558,0,1,330455720243520300,2025-09-02,0.85776895,Rio de Janeiro,6625849,14.9240142857143,89.5492285714286,0,0,1,74.8501142857143,54.7792428571429,18.8250571428571,23.3766857142857,153,NA,NA,NA,NA,187.496
2024-09-01,202436,254,254,254,254,3304557,0.11898431,3.833471,0,1,330455720243620350,2025-09-09,0.90303034,Rio de Janeiro,6625849,18.5249,94.3440571428571,0,0,1,79.8482428571429,57.3037285714286,22.4124714285714,28.1919142857143,144,NA,NA,NA,NA,10.8533
2024-09-08,202437,281,281,281,281,3304557,0.7253247,4.240966,0,1,330455720243720300,2025-09-16,1.0524522,Rio de Janeiro,6625849,19.7286285714286,81.4485857142857,0,0,1,58.9064285714286,30.347,26.0266428571429,33.5407571428571,172,NA,NA,NA,NA,0.0346
2024-09-15,202438,285,285,285,285,3304557,0.8164205,4.3013353,0,1,330455720243820350,2025-09-23,1.0799925,Rio de Janeiro,6625849,19.4398857142857,89.7475142857143,0,0,1,73.9435285714286,54.1778142857143,22.7712714285714,27.4299857142857,164,NA,NA,NA,NA,27.6447
2024-09-22,202439,317,317,317,317,3304557,0.95874715,4.7842927,0,1,330455720243920400,2025-10-02,1.1535333,Rio de Janeiro,6625849,21.2191,87.0729428571429,1,1,1,65.7065714285714,41.6796,26.0231571428571,31.9838285714286,171,NA,NA,NA,NA,25.6775
2024-09-29,202440,263,263,263,263,3304557,0.1481178,3.9693027,0,1,330455720244020350,2025-10-07,0.91483086,Rio de Janeiro,6625849,19.9713285714286,87.0194,0,0,1,70.0472571428571,49.8509857142857,23.7494,28.7831857142857,149,NA,NA,NA,NA,120.3688
2024-10-06,202441,281,281,281,281,3304557,0.34439063,4.240966,0,1,330455720244120400,2025-10-15,0.9670715,Rio de Janeiro,6625849,19.5270857142857,88.0802285714286,0,0,1,75.1293285714286,59.7165,22.4900428571429,26.6806142857143,163,NA,NA,NA,NA,67.5567
2024-10-13,202442,305,305,305,305,3304557,0.82077765,4.6031837,0,1,330455720244220350,2025-10-20,1.0786735,Rio de Janeiro,6625849,19.8014,90.2553714285714,0,0,1,75.9558142857143,58.3279285714286,22.5901857142857,26.6404857142857,156,NA,NA,NA,NA,51.127500000000005
2024-10-20,202443,301,301,301,301,3304557,0.7563515,4.5428143,0,1,330455720244320400,2025-10-28,1.0590774,Rio de Janeiro,6625849,22.1377714285714,91.4065714285714,1,0,1,79.2517142857143,62.1418714285714,25.2315571428571,29.6837571428571,174,NA,NA,NA,NA,299.9564
2024-10-27,202444,327,327,327,327,3304557,0.89456916,4.9352164,0,1,330455720244420400,2025-11-03,1.1054674,Rio de Janeiro,6625849,20.2597571428571,91.5017571428571,0,0,1,78.2891142857143,62.8875428571429,22.6382142857143,25.6636,190,NA,NA,NA,NA,59.7262
2024-11-03,202445,376,376,376,376,3304557,0.9943924,5.6747446,0,1,330455720244520400,2025-11-12,1.2141267,Rio de Janeiro,6625849,22.238,91.0784,1,1,1,76.6410857142857,60.0185,24.9434857142857,28.2112285714286,209,NA,NA,NA,NA,204.1439
2024-11-10,202446,253,253,253,253,3304557,0.0012335243,3.8183787,0,1,330455720244620400,2025-11-19,0.77684504,Rio de Janeiro,6625849,20.0606571428571,90.8999857142857,0,0,1,81.3179,68.8407571428571,22.4604142857143,25.6968428571429,130,NA,NA,NA,NA,203.0084
2024-11-17,202447,303,303,303,303,3304557,0.19686455,4.572999,0,1,330455720244720450,2025-11-26,0.9341888,Rio de Janeiro,6625849,21.1277,93.6325857142857,1,0,1,83.1595714285714,67.2754571428571,23.4221857142857,26.7770571428571,156,NA,NA,NA,NA,92.7245
2024-11-24,202448,354,354,354,354,3304557,0.9759677,5.3427114,0,1,330455720244820400,2025-12-03,1.1668781,Rio de Janeiro,6625849,21.1036428571429,90.0784857142857,1,1,1,72.8248142857143,52.2328,24.9507142857143,29.7007428571429,196,NA,NA,NA,NA,16.6195
2024-12-01,202449,335,335,335,335,3304557,0.8600203,5.055956,0,2,330455720244920450,2025-12-10,1.088959,Rio de Janeiro,6625849,22.5615,92.0570571428571,1,0,1,80.5792428571429,63.8878285714286,25.7325428571429,29.7779142857143,180,NA,NA,NA,NA,215.5018
2024-12-08,202450,336,336,336,336,3304557,0.6053302,5.0710483,0,2,330455720245020400,2025-12-16,1.0209223,Rio de Janeiro,6625849,22.2942142857143,92.4930142857143,1,0,1,81.1532571428571,63.6945285714286,24.6456857142857,28.8083714285714,178,NA,NA,NA,NA,160.5954
2024-12-15,202451,270,270,270,270,3304557,0.0052544195,4.0749493,0,2,330455720245120450,2025-12-16,0.8115069,Rio de Janeiro,6625849,23.0114571428571,91.3363714285714,1,0,1,77.7709142857143,61.5472,25.6149571428571,29.4733571428571,148,NA,NA,NA,NA,121.4905
2024-12-22,202452,243,243,243,243,3304557,0.0012781504,3.6674545,0,2,330455720245220400,2025-12-16,0.7737701,Rio de Janeiro,6625849,23.2439285714286,94.5550714285714,1,0,1,83.8228285714286,70.1527,25.3076857142857,28.2464428571429,134,NA,NA,NA,NA,275.1961
2024-12-29,202501,398,398,398,398,3304557,0.99998474,6.0067773,0,2,330455720250120450,2026-01-07,1.3771596,Rio de Janeiro,6625849,22.7949857142857,93.7633142857143,1,1,1,80.8134,63.6099857142857,25.6837428571429,29.7781142857143,200,NA,NA,NA,NA,53.833
2025-01-05,202502,527,527,527,527,3304557,1,7.9536977,0,3,330455720250220500,2026-01-07,1.7182572,Rio de Janeiro,6625849,22.3219,91.5513714285714,1,1,1,81.0675571428571,68.7917571428571,24.4458571428571,27.2286857142857,245,NA,NA,NA,NA,158.7398
2025-01-12,202503,557,557,557,557,3304557,0.99999994,8.40647,0,3,330455720250320500,2026-02-02,1.4211998,Rio de Janeiro,6625849,22.2045285714286,90.2165571428571,1,1,1,77.8640142857143,62.4082428571429,24.7140857142857,27.8754,234,NA,NA,NA,NA,20.5981
2025-01-19,202504,686,686,686,686,3304557,1,10.35339,0,3,330455720250420500,2026-02-07,1.3904507,Rio de Janeiro,6625849,25.0885428571429,90.5207571428571,1,1,1,70.7795142857143,49.9061714285714,29.0463428571429,33.6198285714286,314,NA,NA,NA,NA,16.110500000000002
2025-01-26,202505,1056,1056,1056,1056,3304557,1,15.93758,0,3,330455720250520500,2026-02-11,1.7729015,Rio de Janeiro,6625849,24.4659714285714,93.1619,1,1,1,84.6243285714286,73.3570857142857,26.2341142857143,28.4595285714286,429,NA,NA,NA,NA,314.6341
2025-02-02,202506,1097,1097,1097,1097,3304557,1,16.55637,0,3,330455720250620500,2026-02-20,1.4558538,Rio de Janeiro,6625849,24.0983428571429,92.1974142857143,1,1,1,72.1982142857143,49.5075571428571,28.1354142857143,32.4019428571429,500,NA,NA,NA,NA,24.6986
2025-02-09,202507,1457,1457,1457,1457,3304557,1,21.989635,0,3,330455720250720500,2026-02-24,1.5116484,Rio de Janeiro,6625849,24.086314285714302,88.6152714285714,1,1,2,68.7465714285714,46.9787142857143,27.9780857142857,32.4808142857143,628,NA,NA,NA,NA,3.1500000000000004
2025-02-16,202508,1426,1426,1426,1426,3304557,0.9999999,21.52177,0,3,330455720250820500,2026-02-24,1.226898,Rio de Janeiro,6625849,24.2406571428571,87.3689285714286,1,1,2,63.0015,40.9037857142857,29.3462428571429,34.4033571428571,585,NA,NA,NA,NA,6.6591000000000005
2025-02-23,202509,955,955,955,955,3304557,1.00586206e-13,14.413247,0,4,330455720250920500,2026-02-24,0.73267525,Rio de Janeiro,6625849,23.4926714285714,89.2054571428571,1,0,1,66.0415714285714,43.0132,28.0489142857143,32.9648,397,NA,NA,NA,NA,7.1968
2025-03-02,202510,973,973,973,973,3304557,1.8902635e-10,14.684911,0,2,330455720251020500,2026-02-24,0.7667098,Rio de Janeiro,6625849,23.1964857142857,89.3327,1,0,1,68.7663285714286,46.2084857142857,27.1142714285714,31.686,359,NA,NA,NA,NA,8.4027
2025-03-09,202511,1315,1315,1315,1315,3304557,0.9999728,19.846514,0,2,330455720251120500,2026-02-24,1.1781627,Rio de Janeiro,6625849,23.8001428571429,92.1001428571429,1,1,2,74.5026,56.3944,27.0165285714286,31.0949285714286,414,NA,NA,NA,NA,84.4015
2025-03-16,202512,1252,1252,1252,1252,3304557,0.99963576,18.89569,0,4,330455720251220500,2026-02-24,1.1500611,Rio de Janeiro,6625849,22.3865428571429,91.9860714285714,1,1,2,79.0464142857143,63.9223285714286,24.8333,27.7372428571429,436,NA,NA,NA,NA,206.7601
2025-03-23,202513,1101,1101,1101,1101,3304557,0.047936894,16.61674,0,4,330455720251320500,2026-02-24,0.9326432,Rio de Janeiro,6625849,22.4457714285714,92.9532857142857,1,0,1,76.8636428571429,58.8181142857143,25.662,29.3848142857143,344,NA,NA,NA,NA,40.0692
2025-03-30,202514,1048,1048,1048,1048,3304557,7.913919e-4,15.816841,0,2,330455720251420500,2026-02-24,0.8750702,Rio de Janeiro,6625849,22.9229571428571,93.1666857142857,1,0,1,77.3932857142857,59.4983714285714,26.1692714285714,29.6762285714286,326,NA,NA,NA,NA,221.8565
2025-04-06,202515,1018,1018,1018,1018,3304557,0.009719628,15.364069,0,1,330455720251520500,2026-02-24,0.90394783,Rio de Janeiro,6625849,20.1451,91.2884857142857,0,0,1,79.5197142857143,64.5824571428571,22.7865285714286,25.8289857142857,327,NA,NA,NA,NA,156.5767
2025-04-13,202516,700,700,700,700,3304557,1.110223e-16,10.564684,0,1,330455720251620500,2026-02-24,0.6716707,Rio de Janeiro,6625849,20.9410285714286,95.0071571428571,0,0,1,82.8133857142857,66.5838,23.7304857142857,26.9991,258,NA,NA,NA,NA,37.4978
2025-04-20,202517,933,933,933,933,3304557,0.3941583,14.081214,0,1,330455720251720500,2026-02-24,0.9876864,Rio de Janeiro,6625849,20.5708714285714,94.1942571428571,0,0,1,83.8487,70.4346714285714,22.5003428571429,25.0858571428571,309,NA,NA,NA,NA,154.5428
2025-04-27,202518,966,966,966,966,3304557,0.9908215,14.579264,0,1,330455720251820500,2026-02-24,1.1165936,Rio de Janeiro,6625849,18.9843142857143,93.3480714285714,0,1,1,78.9442142857143,59.7903714285714,21.9134428571429,25.3778714285714,314,NA,NA,NA,NA,103.1751
2025-05-04,202519,1197,1197,1197,1197,3304557,1,18.065609,0,3,330455720251920500,2026-02-24,1.3304137,Rio de Janeiro,6625849,18.5724142857143,92.5121,0,1,2,76.5441,52.8847142857143,22.6865857142857,27.9252428571429,392,NA,NA,NA,NA,0.5047
2025-05-11,202520,1140,1140,1140,1140,3304557,0.9982581,17.205341,0,3,330455720252020500,2026-02-24,1.1345849,Rio de Janeiro,6625849,18.3613142857143,91.3157714285714,0,1,2,79.4260571428571,61.7229428571429,20.8670142857143,23.9857285714286,343,NA,NA,NA,NA,84.1452
2025-05-18,202521,1001,1001,1001,1001,3304557,0.020215513,15.107498,0,4,330455720252120500,2026-02-24,0.91433656,Rio de Janeiro,6625849,17.5376714285714,91.3351714285714,0,0,1,76.7427857142857,53.4559142857143,21.6844714285714,26.6363714285714,334,NA,NA,NA,NA,55.9653
2025-05-25,202522,816,816,816,816,3304557,2.3910518e-10,12.315403,0,1,330455720252220500,2026-02-24,0.7506293,Rio de Janeiro,6625849,18.1470857142857,88.8587285714286,0,0,1,76.0421285714286,57.8726857142857,21.2829428571429,25.2963571428571,296,NA,NA,NA,NA,13.7115
2025-06-01,202523,716,716,716,716,3304557,6.27528e-11,10.806162,0,1,330455720252320500,2026-02-24,0.73036796,Rio de Janeiro,6625849,18.3713857142857,94.0833857142857,0,0,1,79.8308714285714,58.5557714285714,21.6847285714286,26.0729857142857,252,NA,NA,NA,NA,6.3536
2025-06-08,202524,505,505,505,505,3304557,0,7.621665,0,1,330455720252420500,2026-02-24,0.6046084,Rio de Janeiro,6625849,16.3566857142857,90.767,0,0,1,78.7672714285714,61.9635142857143,18.8242285714286,21.7403285714286,175,NA,NA,NA,NA,129.5846
2025-06-15,202525,414,414,414,414,3304557,0,6.2482557,0,1,330455720252520500,2026-02-24,0.6027103,Rio de Janeiro,6625849,14.7520857142857,87.6017714285714,0,0,1,70.8262714285714,45.5920142857143,20.0505714285714,26.4421571428571,146,NA,NA,NA,NA,0.0338
2025-06-22,202526,436,436,436,436,3304557,1.9404151e-4,6.580289,0,1,330455720252620500,2026-02-24,0.79695827,Rio de Janeiro,6625849,16.5165428571429,90.2980714285714,0,0,1,75.2513857142857,53.5364571428571,20.4141142857143,25.8800285714286,140,NA,NA,NA,NA,7.773700000000001
2025-06-29,202527,363,363,363,363,3304557,6.470518e-4,5.4785433,0,1,330455720252720500,2026-02-24,0.7980392,Rio de Janeiro,6625849,16.8786142857143,92.9636428571429,0,0,1,81.6387285714286,66.8001714285714,19.2532,22.1164142857143,114,NA,NA,NA,NA,90.7239
2025-07-06,202528,366,366,366,366,3304557,0.048496768,5.5238204,0,1,330455720252820500,2026-02-24,0.887789,Rio de Janeiro,6625849,14.5620428571429,95.6379142857143,0,0,1,79.7254285714286,59.3532142857143,18.1964285714286,22.1481714285714,120,NA,NA,NA,NA,4.9033
2025-07-13,202529,337,337,337,337,3304557,0.047359277,5.0861406,0,1,330455720252920500,2026-02-24,0.88275605,Rio de Janeiro,6625849,14.4184285714286,95.1648714285714,0,0,1,76.4477714285714,49.0176285714286,18.7004714285714,23.7226714285714,104,NA,NA,NA,NA,1.1146
2025-07-20,202530,328,328,328,328,3304557,0.12167619,4.950309,0,1,330455720253020500,2026-02-24,0.9148087,Rio de Janeiro,6625849,15.9077714285714,96.3713428571428,0,0,1,81.1399428571429,59.3574,19.3622857142857,23.8447,95,NA,NA,NA,NA,45.8394
2025-07-27,202531,281,281,281,281,3304557,0.009704079,4.240966,0,1,330455720253120500,2026-02-24,0.82859117,Rio de Janeiro,6625849,14.3693857142857,85.9395142857143,0,0,1,68.4719571428571,46.5942142857143,18.8282142857143,24.5911714285714,71,NA,NA,NA,NA,3.8611
2025-08-03,202532,313,313,313,313,3304557,0.40994948,4.7239227,0,1,330455720253220500,2026-02-24,0.98205763,Rio de Janeiro,6625849,15.6099857142857,93.6618714285714,0,0,1,77.3014571428571,53.3350857142857,19.7568714285714,24.8778,85,NA,NA,NA,NA,10.032
2025-08-10,202533,291,291,291,291,3304557,0.31421718,4.39189,0,1,330455720253320500,2026-02-24,0.96108234,Rio de Janeiro,6625849,14.6553142857143,92.4428714285714,0,0,1,76.4672,57.0378285714286,17.7874714285714,21.5404142857143,91,NA,NA,NA,NA,16.9913
2025-08-17,202534,323,323,323,323,3304557,0.82213455,4.874847,0,1,330455720253420500,2026-02-24,1.0767838,Rio de Janeiro,6625849,16.5987714285714,88.3684571428571,0,0,1,67.6698857142857,42.0324142857143,21.8283285714286,28.1649428571429,91,NA,NA,NA,NA,5.0027
2025-08-24,202535,273,273,273,273,3304557,0.11782798,4.120227,0,1,330455720253520500,2026-02-24,0.90578544,Rio de Janeiro,6625849,19.0753714285714,91.6492857142857,0,0,1,76.2225142857143,53.7201714285714,21.9134142857143,25.8287714285714,68,NA,NA,NA,NA,20.3665
2025-08-31,202536,283,283,283,283,3304557,0.25607932,4.2711506,0,1,330455720253620500,2026-02-24,0.9471275,Rio de Janeiro,6625849,17.3692142857143,90.1802428571429,0,0,1,71.3188,48.8629857142857,21.4175285714286,26.3418857142857,63,NA,NA,NA,NA,15.2725
2025-09-07,202537,299,299,299,299,3304557,0.6627435,4.512629,0,1,330455720253720500,2026-02-24,1.0352274,Rio de Janeiro,6625849,18.0814142857143,90.9729571428571,0,0,1,74.9838857142857,56.7394142857143,21.0204,24.8268,91,NA,NA,NA,NA,45.777
2025-09-14,202538,308,308,308,308,3304557,0.80888605,4.648461,0,1,330455720253820500,2026-02-24,1.074263,Rio de Janeiro,6625849,18.1232285714286,92.1345571428571,0,0,1,73.9009285714286,49.199,22.0839428571429,27.3104285714286,75,NA,NA,NA,NA,13.1966
2025-09-21,202539,283,283,283,283,3304557,0.32666862,4.2711506,0,1,330455720253920500,2026-02-24,0.9633114,Rio de Janeiro,6625849,18.5660142857143,86.6857285714286,0,0,1,67.3392,48.6624714285714,21.9363285714286,26.0606142857143,67,NA,NA,NA,NA,121.5731
2025-09-28,202540,291,291,291,291,3304557,0.4190671,4.39189,0,1,330455720254020500,2026-02-24,0.98328894,Rio de Janeiro,6625849,17.5797571428571,87.4206285714286,0,0,1,66.3391142857143,40.4715857142857,22.6909,29.1332571428571,75,NA,NA,NA,NA,0.05579999999999999
2025-10-05,202541,267,267,267,267,3304557,0.16787927,4.029672,0,1,330455720254120500,2026-02-24,0.9216709,Rio de Janeiro,6625849,19.3661571428571,87.6469142857143,0,0,1,74.3098428571429,57.5945857142857,22.4625285714286,26.4154285714286,70,NA,NA,NA,NA,126.7053
2025-10-12,202542,304,304,304,304,3304557,0.8003878,4.5880914,0,1,330455720254220500,2026-02-24,1.0720004,Rio de Janeiro,6625849,20.3655285714286,93.6812428571429,0,0,1,76.1428428571429,53.5844285714286,24.0036142857143,29.1788,74,NA,NA,NA,NA,48.9632
2025-10-19,202543,269,269,269,269,3304557,0.2940603,4.059857,0,1,330455720254320500,2026-02-24,0.95492125,Rio de Janeiro,6625849,16.2350142857143,87.8822714285714,0,0,1,71.8710142857143,52.0866285714286,19.3265285714286,23.2061428571429,68,NA,NA,NA,NA,122.243
2025-10-26,202544,214,214,214,214,3304557,0.0015539068,3.2297747,0,1,330455720254420500,2026-02-24,0.76555413,Rio de Janeiro,6625849,19.7352,93.2082,0,0,1,78.9936428571429,56.4388857142857,22.9852142857143,28.0480428571429,58,NA,NA,NA,NA,174.9487
2025-11-02,202545,241,241,241,241,3304557,0.18100864,3.6372697,0,1,330455720254520500,2026-02-24,0.9219173,Rio de Janeiro,6625849,20.4190142857143,92.1942571428571,0,0,1,80.6039571428571,63.9776428571429,23.4538285714286,27.7817714285714,55,NA,NA,NA,NA,67.8307
2025-11-09,202546,259,259,259,259,3304557,0.7976301,3.908933,0,1,330455720254620500,2026-02-24,1.0773786,Rio de Janeiro,6625849,18.4198714285714,88.8882,0,0,1,72.3331,54.5912857142857,21.6532571428571,25.7090857142857,55,NA,NA,NA,NA,34.4673
2025-11-16,202547,219,219,219,219,3304557,0.18279265,3.3052368,0,1,330455720254720500,2026-02-24,0.9189006,Rio de Janeiro,6625849,20.6914428571429,90.8408857142857,0,0,1,73.6269857142857,52.1955428571429,24.1885285714286,28.9535571428571,52,NA,NA,NA,NA,100.0144
2025-11-23,202548,213,213,213,213,3304557,0.11109179,3.2146823,0,1,330455720254820500,2026-02-24,0.8915119,Rio de Janeiro,6625849,20.1659714285714,93.1072285714286,0,0,1,77.8425285714286,60.0650571428571,22.8031857142857,26.4169857142857,43,NA,NA,NA,NA,131.3455
2025-11-30,202549,253,253,253,253,3304557,0.8606758,3.8183787,0,1,330455720254920500,2026-02-24,1.1036712,Rio de Janeiro,6625849,21.0305571428571,91.7105714285714,1,0,1,74.6620142857143,53.8749714285714,24.4737285714286,29.1801,60,NA,NA,NA,NA,55.0639
2025-12-07,202550,240,240,240,240,3304557,0.7229572,3.6221774,0,1,330455720255020500,2026-02-24,1.0562288,Rio de Janeiro,6625849,23.5657142857143,85.6889571428571,1,0,1,68.5289142857143,49.8113857142857,27.1060142857143,31.9996428571429,57,NA,NA,NA,NA,73.32730000000001
2025-12-14,202551,185,185,188,185,3304557,0.008713076,2.792095,0,2,330455720255120500,2026-02-24,0.7921626,Rio de Janeiro,6625849,22.4274571428571,91.3831142857143,1,0,1,79.4736142857143,65.2526714285714,24.9052,28.3467,41,NA,NA,NA,NA,238.3883
2025-12-21,202552,136,135,139,135,3304557,2.643384e-6,2.0525672,0,2,330455720255220500,2026-02-24,0.61377996,Rio de Janeiro,6625849,23.2092857142857,87.4793428571429,1,0,0,65.5281714285714,42.3069142857143,28.0113714285714,33.2820571428571,36,NA,NA,NA,NA,4.0392
2025-12-28,202553,208,206,212,206,3304557,0.8078702,3.1392202,0,2,330455720255320500,2026-02-24,1.0910112,Rio de Janeiro,6625849,25.3883857142857,84.8009285714286,1,0,1,69.0415428571429,51.6404428571429,28.5879,32.8440714285714,70,NA,NA,NA,NA,106.7082
2026-01-04,202601,290,286,295,286,3304557,0.9999999,4.3767977,0,2,330455720260120500,2026-02-24,1.619063,Rio de Janeiro,6625849,22.3338857142857,88.5561428571429,1,1,1,73.4192428571429,54.3977,25.5645857142857,29.3612142857143,70,NA,NA,NA,NA,62.8427
2026-01-11,202602,269,265,276,264,3304557,0.9956081,4.059857,0,3,330455720260220500,2026-02-24,1.2708507,Rio de Janeiro,6625849,24.0536857142857,82.4535,1,1,1,61.1622,37.6255857142857,28.7391142857143,34.0004428571429,84,NA,NA,NA,NA,16.5207
2026-01-18,202603,295,289,304,286,3304557,0.95517194,4.4522595,0,3,330455720260320500,2026-02-24,1.155794,Rio de Janeiro,6625849,21.9115571428571,89.8223285714286,1,1,1,79.0541571428571,66.9020142857143,23.6510285714286,25.8136714285714,96,NA,NA,NA,NA,407.9701
2026-01-25,202604,308,300,320,294,3304557,0.8975654,4.648461,0,3,330455720260420500,2026-02-24,1.110488,Rio de Janeiro,6625849,22.4275857142857,93.8569428571429,1,0,1,82.2256571428571,65.8530285714286,25.3413142857143,29.0627857142857,106,NA,NA,NA,NA,315.2821
2026-02-01,202605,361,349,380,338,3304557,0.99593806,5.4483585,0,2,330455720260520500,2026-02-24,1.2304294,Rio de Janeiro,6625849,23.8478857142857,95.4507428571429,1,1,1,84.5541428571429,67.4946,26.3505714285714,30.0254571428571,140,NA,NA,NA,NA,384.5805
2026-02-08,202606,250,220,304,197,3304557,0.0049751047,3.7731013,0,2,330455720260620500,2026-02-24,0.8040095,Rio de Janeiro,6625849,22.9689,92.6654428571429,1,0,1,81.3864142857143,64.5011571428571,25.7505857142857,29.0807571428571,122,NA,NA,NA,NA,332.299
2026-02-15,202607,269,161,529,92,3304557,0.041392896,4.059857,0,2,330455720260720500,2026-02-24,0.8657311,Rio de Janeiro,6625849,23.40715,94.213025,1,0,1,76.7005,56.191625,27.263525,31.56985,92,NA,NA,NA,NA,35.2212
