window,rmse_M0,rmse_M1,rmse_M2,rmse_M3,rmse_M4,rmse_M5,rmse_M6,rmse_M7,rmse_M8,rmse_M9,rmse_M10,rmse_M11,rmse_M12,rmse_M13
1,711.9549892321817,754.9582341972598,715.2330141114319,750.3930722944222,664.7260279396517,652.2168877285278,667.3749769077078,567.572758378163,112.75991671367261,139.23538800568036,129.4721713161845,129.0981888781524,128.18580636559483,93.75502405156321
2,880.8449397969235,944.9142256362786,919.8205369502818,920.4215670763904,823.7994608549969,803.6827128995644,828.5272814041284,651.9078748365416,198.47001939077077,333.27867031395874,247.9206549076505,247.93949790923594,247.74907858434722,230.37300333920467
3,865.4430629334305,950.6951597950571,905.2079849688896,931.0192074174141,858.0978692857365,802.5229974566498,879.5429802760781,731.2208010437206,246.8605219399963,156.1215463432879,98.58242282338782,98.74991477337686,99.16795874595856,90.62024700041397
4,810.0203011221362,931.5257678602004,892.6521001363534,902.2269866558189,879.1694668197248,803.303418628539,898.8532710589017,839.3781871499112,225.72532361373092,79.68813243796923,78.43888877123194,78.57497325581812,78.47739399467785,80.24276825843086
5,761.1145745050654,827.4930817088108,795.0745418931011,817.2122603082498,762.4716697314457,706.9803114068823,790.4985728639726,969.7526105296217,251.57930285380309,53.06518549655486,106.44382566103832,106.4751651352681,106.14283170302288,93.37439124762594
6,627.2077904816082,681.5238033524439,645.8729398843213,687.4628493994098,656.8634026745697,616.6102854662284,665.7540776069192,1097.5724721438821,278.8917043593115,106.32442750281194,158.24990138091871,158.2649378382631,157.58830897460032,125.53849133379461
7,603.0196340340782,622.7276082048106,585.581736535694,642.2975158633691,603.2852059993579,557.6197300941533,625.0534560932175,1226.4338325844042,291.72839169437714,131.4022419480446,190.90621606769238,190.74911491161697,192.0308996460401,159.76942272116034
8,751.9648250559845,748.0904685178688,708.2898303223348,777.8249543760257,735.5244921343025,703.9753012169203,750.8815509510728,1371.236842745503,262.0154331861726,86.95613406588662,31.2555144195723,31.16037163671698,30.73020275192045,62.041118479963025
9,654.6715319501241,608.7515465322941,580.8329412279189,646.4478481354575,646.3868464410997,613.053549546306,664.2115560517151,1459.8423796817822,259.06402231932674,105.35020249678327,69.83509228810206,69.84707766454339,69.86624726176701,113.92334524346934
10,506.98664597686,450.01022251274316,429.51963200129796,487.5873247857556,472.3039466582955,454.57927252033824,497.20234225796446,1479.7930409189041,166.60429152322504,80.04003826977397,119.17814436899307,119.06837893471146,118.18938346587106,107.2200931675479
11,341.6877471943633,255.36919877672273,251.53012832946496,290.11469153065707,276.288374186557,279.9622471202599,289.90514749914763,1443.0728360288538,93.33554923161964,104.48025927351308,145.77690752038734,145.70257698408346,144.31239132207784,143.42331297017586
12,221.4442984331781,149.7478699480405,142.98923364910678,176.1675958673433,193.379794926263,182.77239288683325,207.66330144023158,1368.0455540404541,112.83378586631618,123.14300187742137,154.2056360713741,154.11534420584655,153.40580749580513,148.4071364292064
13,109.63119333020288,127.53322996480877,124.69363313454208,117.8326479981963,141.4484315323703,135.57127929142314,131.3720016322222,1240.495709784745,113.44203729400046,194.64506183022345,204.76121558141892,204.78429009391024,203.46990229150327,223.35790926561037
14,121.25441014779683,167.80449074588262,164.70533533008316,148.93723164392696,178.29493461540437,169.60841521525805,162.7061086987341,1093.551891804026,78.07814232281294,197.29974606592512,212.0784152497144,212.231544518902,211.22427753233208,224.3264439459045
15,169.60942058281663,231.71371774903366,225.43491592274867,210.6687405492593,245.50387101245727,231.8825916482964,226.7269824736848,920.3135735360556,119.2185584725287,265.05869520998584,272.58426744447803,272.75096076939434,271.0734490798457,307.3236908082253
16,207.96009710591807,252.79289628653024,248.67914041570424,237.32749656582408,279.11676119426966,266.8265875311423,263.4142508545833,733.1250903501336,166.8492157074641,253.8871377032024,254.6308958129071,254.89297539243452,253.32843851365902,290.8598836359525
17,117.46334576974422,140.40357732268572,138.281612628565,129.9584100049276,157.34120558421841,153.9372256746363,141.61497612462824,584.7622310482351,193.95985988493337,112.9276908159683,111.09589583284377,111.27862411773818,109.5541918019425,96.43672747524242
18,131.4431501731841,140.13531037507306,141.01877181726383,134.32783200428526,154.65513834780126,152.92071826505827,143.6570819945159,441.48852385436817,199.86674036403952,133.3814021191142,136.89324986262844,137.034306905644,135.03950443336592,121.93314740737596
19,134.30244058741744,124.93492970640739,126.94405148097026,126.9839251645958,126.11544061278146,126.62145440375224,125.28972847016476,329.0968152124749,315.66346074296916,160.7147992864497,182.71900037459054,183.29606253303615,179.89240351748853,142.66178066785605
20,134.31151889837807,122.16873611986215,125.62495972830256,125.10300883061535,110.63910836784143,117.20888098355745,112.8915719931655,240.64062779416048,390.3621160686004,172.45742849228222,186.7053376660825,187.45717548462756,183.16761329235746,150.7598113963191
21,172.88509019780253,151.72331976109245,156.2512841507931,157.1216195115228,129.6176647246637,146.61681130229599,133.45706756255447,183.7309492717839,475.1951557585476,258.0164276143951,252.7056002771291,253.29517227298126,246.75604141758663,218.5314361417907
22,214.18601675733896,194.36043325539129,196.61984472723495,200.87080673177476,170.24313592159413,181.99437268776046,178.34080227714747,156.51932174977634,524.7960244016645,288.71256078372033,288.4569670435012,288.522104717605,283.1339351341319,246.53873167826896
23,114.24291216058154,101.32124029557858,104.60089771567597,103.47223537085937,90.78341630483773,98.6290234053581,93.49519357632947,128.24610784785946,536.1487523439929,113.45954697753882,145.34189393965718,145.11638243890866,145.8052195124532,101.67818131429817
24,41.09985142387676,38.78175392226783,38.7250175243515,39.500814920637254,39.396567982756,39.608801209907405,38.21034567847714,91.1268188958064,476.4648218808706,36.86602442051096,58.49665991591064,58.76002663314388,56.84438269454346,31.865830941277395
25,38.575903480124566,39.587540699508885,39.76440936726555,39.63997425860323,40.91258672789184,41.271925904827555,38.867979516246365,75.87147779477168,302.4692869370582,48.200728757665225,63.51715936708952,64.19834741092289,61.426878954127766,42.73823857653007
26,40.32858118694346,46.462829124343486,48.26410504906235,43.540637277138885,52.86966981323577,53.7050393542014,47.01331952510397,61.79519569552564,160.27428730490809,39.7747820990787,31.565984017902586,31.397908889440682,31.72174665561013,46.47793822012792
27,54.533862982991586,61.20068395828338,63.74816752342432,57.64128650071285,64.33344470411987,66.00916710086683,58.79873127344153,48.626363941229286,88.41533962539144,57.391476611893665,48.24852638035049,47.91720344787961,48.32373965218695,63.74830510786471
28,36.42839585966301,28.362840813357522,22.1054228086933,36.78451090910826,21.151732691037495,20.73600668020285,30.071716523450455,60.839918870215016,24.958393778755866,88.80686951465039,76.35409464796987,77.15766194009872,75.35382519614991,59.567955910382054
29,62.24166565064228,53.898054778133655,45.65377232618394,62.96850928590752,39.1038422741242,34.94073236254021,53.5783623212998,72.13404416756133,48.84204124081403,75.3356259363585,64.7226965091802,64.77391732760924,63.9768388425066,45.20739946839653
30,50.81102806532447,44.449845916577154,42.28493955468367,49.7628219144059,27.80872299206147,27.874501962686605,37.52887141839917,81.6230465948203,41.47480505526468,35.26205898951359,41.20569782942284,41.15848900136815,40.137673467157356,19.324651954168548
31,14.634852177893404,16.835639101439668,20.500585849089294,13.774071483270438,32.88329624709434,34.262892634161155,23.5919575380998,94.15395482743828,37.328988055838224,38.83114206562324,25.670391049765907,25.643931093029178,26.40465031977332,62.09040606903913
32,14.60974531020773,17.911766664870495,21.00338750893137,15.890611407184423,15.31043956116916,15.649074121675216,13.236507211128828,101.12070500248856,45.25344961063626,10.865661540719785,15.044383900161453,14.882787704271033,17.35510997561558,12.646199818583648
33,25.692006123347458,31.15536790946794,36.88919217102541,26.82054966558487,19.179988291051913,16.97939750282248,25.586547803501055,102.48367562355146,78.59633703505078,23.93868635789984,30.50725736169729,30.387367569788207,33.98610544683575,27.14700696419569
34,21.704479603199715,34.71320069366965,42.766111728250344,26.916691744135754,24.83184757253598,24.971526265210922,27.353933158498595,105.98953246115897,69.77607344383311,7.5109877841256125,18.744572381528645,18.571103903221616,21.652251045243926,19.604808823892178
35,10.461060586792682,16.6193774833057,23.101102900225563,12.063325503938183,17.927397338782985,17.6270772849564,16.76576427152122,108.6922747177947,49.331866826411975,21.99242122330648,14.152158286176444,14.272470770138929,13.730914077065702,18.912096916751814
36,18.327140174940393,25.483341048918085,33.4100862823652,18.69494873366642,32.13140228047844,31.26070598674803,29.72119960584622,107.95620670793697,53.63615108880719,12.120828262381456,20.062954751271327,19.993115704997507,21.177160124852133,40.312769684364284
37,13.428597798182112,18.099420392899553,18.934549280733282,15.297431721123488,24.32486633225352,24.282284154445318,20.18195340004942,105.63925550291,63.35292619037718,9.721003911583649,8.395864398770964,8.320232591356087,8.411891637540469,16.77420143747564
38,13.238045109888073,22.308621946930042,20.687894966894596,18.100410317946977,32.86037325923273,31.873723563117085,26.0816721676169,103.26442473230433,39.71759394519932,9.446675734248792,14.666359892726815,14.569828188892663,15.794382400448027,36.86392811069645
39,26.984624033503223,34.72741307542341,33.240018412001035,30.822198284985234,43.23803529372532,44.066304622018485,35.1151959478634,92.91487574135219,26.921606844024105,16.098738572417364,22.662476348808585,22.295770591935465,21.84785427172019,42.15808557950254
40,21.200489643008677,27.191328803719983,24.177573913332182,25.628976669148095,32.60522715683453,36.611475351554404,24.921548142191725,88.04876135768085,33.37264429674734,20.046109276811844,13.285921760348065,13.334720549436858,13.3342691047057,16.115041976409348
41,19.015924332749986,19.20860511482303,18.458272152965723,19.318787217886857,22.408187167897136,23.443315033083355,19.4471874590327,88.8980999446604,35.26051928044274,34.76056755602706,33.15867549186666,33.235135825620745,33.308714231403734,22.846742200106178
42,25.52926438525173,23.673325213941798,26.625752548504078,23.50224989748604,24.498526521327914,25.468379051787736,21.896786203647014,86.53329869065936,55.620764539732114,34.75845935678012,32.09627422617869,32.179619583941765,32.730798150394314,34.0205131091122
43,27.85757941345892,25.746260031183795,29.701142872072154,25.19706385436342,21.907712798249467,25.269536517992556,20.7412339751773,80.28675037017406,68.77296628672379,40.71736113783959,37.51187161248409,37.483261322742756,37.97896503297753,24.788328699943364
44,33.542507125281986,37.47070778861478,37.20227102936234,35.26583532781905,46.072364323368596,42.408453239744475,42.346350096250106,74.94871705504859,51.46043043688473,41.36387650674248,45.67959724071085,45.939124968962716,45.902573878152445,52.60166434224102
45,42.98692234731624,37.11938832247967,38.57297252573722,37.88637063534469,37.80604311030558,39.60101377881501,35.34792960725038,67.77451586756887,51.93285698166558,54.18990089724925,49.438362356565136,49.42360231624859,50.460864460864215,48.01735291200857
46,36.764821426252965,37.6731235636576,37.5334979193899,34.85762647425602,49.05935050759008,41.24280577981306,43.363550252838174,729.5394260864813,57.82073114486794,48.307846146330405,53.080130086317375,53.196797617568926,54.03857431340079,50.274068552084024
47,60.94158545747284,48.242426642711976,50.15146059690707,49.896297493000105,48.275263861265934,51.33687935186274,42.65261813907945,1101.6483288113652,59.914726545150586,100.00687172661848,85.68008448576413,85.2891261201372,87.91032197791978,67.33718265845485
48,49.51602310236976,65.16741076221989,64.81713704225633,55.23174355549703,87.73891247981885,76.8032197238335,71.44034697745087,1464.126483618915,57.01563430015603,48.78901184896295,51.834974586544035,52.08713665911494,52.05013315599901,65.76053415526722
49,65.94416104010205,112.65216392073995,111.68331357436264,91.8459032200793,152.92519552892566,135.62583619442745,126.53141691677408,1816.3554219014902,66.63312294704745,52.705886943136086,61.09838870436422,62.11222280004417,60.12299808607367,104.85924163543204
50,107.99757345908601,169.76389863408576,169.30291595704978,142.95032722593808,208.1891904438813,189.52109328015794,178.29147974130504,2180.8785313950652,52.62874253613788,73.77366180086396,82.18724509771718,82.97811149893982,80.64091544581727,117.32118578612386
51,120.7869702450054,177.76086515522982,175.79257162656893,153.51150152862022,211.07521145953098,193.7932231051309,184.91795778737827,2561.647368582692,62.56254171805362,52.74143347229473,50.480472076440414,50.48712094013946,50.761685100517894,56.41454190021974
52,89.78982688526109,113.97297701069587,113.02364231329783,102.7281808082581,138.87796462641754,127.52525636480601,123.01444199706361,2983.1016346975803,58.001641881515965,121.38350528926046,126.98698563879658,127.0303070699768,127.87636953446902,119.860686535656
53,231.34808180101135,267.890743426267,270.7187823832179,249.63237136059,317.86983113923134,305.96435090816186,288.2083589628182,3531.12154367613,79.28734561738933,127.30225632968363,105.7011734974898,105.67553474014707,105.69405748800602,173.32782376344105
