epiweek,geocodigo,temp_min_avg,temp_max_avg,temp_med_avg,precip_total,umid_min_avg,umid_max_avg,umid_med_avg
202501,3304557,22.794985714285716,29.778114285714285,25.683742857142857,53.833,63.60998571428571,93.76331428571429,80.8134
202502,3304557,22.3219,27.228685714285714,24.445857142857143,158.7398,68.79175714285714,91.55137142857143,81.06755714285714
202503,3304557,22.204528571428572,27.8754,24.714085714285712,20.5981,62.40824285714286,90.21655714285714,77.86401428571428
202504,3304557,25.08854285714286,33.61982857142857,29.046342857142857,16.110500000000002,49.906171428571426,90.52075714285714,70.77951428571428
202505,3304557,24.46597142857143,28.45952857142857,26.234114285714284,314.6341,73.35708571428572,93.1619,84.62432857142858
202506,3304557,24.098342857142857,32.401942857142856,28.135414285714287,24.6986,49.507557142857145,92.19741428571429,72.19821428571429
202507,3304557,24.086314285714284,32.48081428571429,27.978085714285715,3.1500000000000004,46.97871428571428,88.61527142857143,68.74657142857143
202508,3304557,24.240657142857142,34.403357142857146,29.346242857142858,6.6591000000000005,40.90378571428572,87.36892857142857,63.0015
202509,3304557,23.492671428571427,32.964800000000004,28.048914285714286,7.1968,43.0132,89.20545714285714,66.04157142857143
202510,3304557,23.196485714285714,31.686,27.114271428571428,8.4027,46.208485714285715,89.3327,68.76632857142857
202511,3304557,23.800142857142855,31.09492857142857,27.016528571428573,84.4015,56.3944,92.10014285714286,74.5026
202512,3304557,22.386542857142857,27.737242857142856,24.8333,206.7601,63.92232857142857,91.98607142857144,79.04641428571429
202513,3304557,22.44577142857143,29.384814285714285,25.662,40.0692,58.81811428571429,92.95328571428571,76.86364285714286
202514,3304557,22.922957142857143,29.67622857142857,26.16927142857143,221.8565,59.49837142857143,93.1666857142857,77.39328571428571
202515,3304557,20.1451,25.828985714285714,22.786528571428573,156.5767,64.58245714285714,91.28848571428571,79.51971428571429
202516,3304557,20.94102857142857,26.9991,23.730485714285713,37.4978,66.5838,95.00715714285714,82.81338571428572
202517,3304557,20.57087142857143,25.085857142857144,22.500342857142858,154.5428,70.43467142857142,94.19425714285714,83.8487
202518,3304557,18.984314285714287,25.377871428571428,21.913442857142858,103.1751,59.790371428571426,93.34807142857143,78.94421428571428
202519,3304557,18.572414285714288,27.925242857142855,22.686585714285716,0.5047,52.88471428571428,92.5121,76.5441
202520,3304557,18.361314285714286,23.98572857142857,20.867014285714287,84.1452,61.72294285714286,91.31577142857142,79.42605714285715
202521,3304557,17.53767142857143,26.63637142857143,21.684471428571428,55.9653,53.455914285714286,91.33517142857143,76.74278571428572
202522,3304557,18.147085714285712,25.296357142857143,21.282942857142856,13.7115,57.872685714285716,88.85872857142857,76.04212857142858
202523,3304557,18.371385714285715,26.072985714285714,21.684728571428572,6.3536,58.555771428571425,94.08338571428571,79.83087142857143
202524,3304557,16.356685714285714,21.74032857142857,18.82422857142857,129.5846,61.96351428571428,90.767,78.76727142857143
202525,3304557,14.752085714285714,26.442157142857145,20.05057142857143,0.033800000000000004,45.592014285714285,87.60177142857142,70.82627142857143
202526,3304557,16.516542857142856,25.88002857142857,20.414114285714287,7.773700000000001,53.536457142857145,90.29807142857143,75.25138571428572
202527,3304557,16.878614285714285,22.116414285714285,19.2532,90.7239,66.80017142857143,92.96364285714286,81.63872857142857
202528,3304557,14.562042857142858,22.148171428571427,18.196428571428573,4.9033,59.35321428571429,95.63791428571429,79.72542857142858
202529,3304557,14.418428571428572,23.722671428571427,18.70047142857143,1.1146,49.017628571428574,95.16487142857143,76.44777142857143
202530,3304557,15.907771428571428,23.8447,19.362285714285715,45.8394,59.3574,96.37134285714285,81.13994285714286
202531,3304557,14.369385714285714,24.59117142857143,18.828214285714285,3.8611,46.59421428571429,85.93951428571428,68.47195714285715
202532,3304557,15.609985714285715,24.8778,19.75687142857143,10.032,53.33508571428572,93.66187142857143,77.30145714285715
202533,3304557,14.655314285714287,21.540414285714284,17.78747142857143,16.9913,57.03782857142857,92.44287142857142,76.46719999999999
202534,3304557,16.59877142857143,28.164942857142858,21.82832857142857,5.0027,42.03241428571429,88.36845714285714,67.66988571428571
202535,3304557,19.07537142857143,25.82877142857143,21.913414285714286,20.3665,53.720171428571426,91.64928571428571,76.22251428571428
202536,3304557,17.369214285714285,26.341885714285713,21.417528571428573,15.2725,48.86298571428571,90.18024285714286,71.3188
202537,3304557,18.081414285714285,24.8268,21.0204,45.777,56.73941428571428,90.97295714285714,74.98388571428572
202538,3304557,18.123228571428573,27.31042857142857,22.08394285714286,13.1966,49.199,92.13455714285715,73.90092857142857
202539,3304557,18.566014285714285,26.060614285714287,21.93632857142857,121.5731,48.66247142857143,86.68572857142857,67.3392
202540,3304557,17.579757142857144,29.133257142857143,22.6909,0.055799999999999995,40.471585714285716,87.42062857142857,66.33911428571429
202541,3304557,19.36615714285714,26.41542857142857,22.46252857142857,126.70530000000001,57.594585714285714,87.64691428571429,74.30984285714285
202542,3304557,20.36552857142857,29.1788,24.003614285714285,48.9632,53.584428571428575,93.68124285714286,76.14284285714285
202543,3304557,16.235014285714286,23.206142857142858,19.32652857142857,122.24300000000001,52.08662857142857,87.88227142857143,71.87101428571428
202544,3304557,19.7352,28.048042857142857,22.985214285714285,174.9487,56.43888571428572,93.2082,78.99364285714286
202545,3304557,20.419014285714287,27.781771428571428,23.45382857142857,67.8307,63.977642857142854,92.19425714285714,80.60395714285714
202546,3304557,18.41987142857143,25.709085714285713,21.653257142857143,34.4673,54.59128571428571,88.8882,72.3331
202547,3304557,20.691442857142857,28.953557142857143,24.18852857142857,100.0144,52.195542857142854,90.84088571428572,73.62698571428571
202548,3304557,20.165971428571428,26.416985714285712,22.803185714285714,131.3455,60.06505714285714,93.10722857142858,77.84252857142857
202549,3304557,21.030557142857145,29.1801,24.47372857142857,55.063900000000004,53.87497142857143,91.71057142857143,74.66201428571429
202550,3304557,23.565714285714286,31.999642857142856,27.106014285714288,73.32730000000001,49.81138571428571,85.68895714285715,68.52891428571428
202551,3304557,22.427457142857143,28.346700000000002,24.9052,238.38830000000002,65.25267142857143,91.38311428571429,79.47361428571429
202552,3304557,23.209285714285713,33.28205714285714,28.01137142857143,4.0392,42.306914285714285,87.47934285714285,65.52817142857143
202553,3304557,25.388385714285715,32.84407142857143,28.5879,106.70819999999999,51.64044285714286,84.80092857142857,69.04154285714286
202601,3304557,22.333885714285714,29.361214285714286,25.564585714285712,62.8427,54.3977,88.55614285714286,73.41924285714286
202602,3304557,24.053685714285713,34.00044285714286,28.739114285714287,16.5207,37.62558571428571,82.4535,61.1622
202603,3304557,21.91155714285714,25.81367142857143,23.651028571428572,407.9701,66.90201428571429,89.82232857142857,79.05415714285714
202604,3304557,22.427585714285716,29.062785714285713,25.341314285714287,315.2821,65.85302857142857,93.85694285714285,82.22565714285714
202605,3304557,23.847885714285713,30.025457142857142,26.350571428571428,384.5805,67.4946,95.45074285714286,84.55414285714286
202606,3304557,23.073283333333332,28.8341,25.58515,332.2218,65.28781666666667,93.19981666666666,82.13438333333333
