date,geocodigo,epiweek,temp_min,temp_med,temp_max,precip_min,precip_med,precip_max,precip_tot,pressao_min,pressao_med,pressao_max,umid_min,umid_med,umid_max
2024-12-29,3304557,202501,22.8352,24.8974,27.9145,0.0,1.057,3.588,8.4564,0.9843,0.9853,0.9864,69.4656,84.5759,95.1502
2024-12-30,3304557,202501,22.6358,24.5013,27.7957,0.0197,1.9409,5.089,15.5271,0.9834,0.9851,0.9863,67.9637,85.4602,96.4064
2024-12-31,3304557,202501,20.9783,24.6063,28.5656,0.0307,0.8406,5.1652,6.725,0.9856,0.9864,0.9874,66.5688,82.5677,98.5583
2025-01-01,3304557,202501,22.1772,25.2183,30.0052,0.0053,0.9971,3.7652,7.9765,0.9842,0.9858,0.9873,66.4494,81.7803,93.89
2025-01-02,3304557,202501,22.0941,25.9235,31.1343,0.0005,0.7375,4.2964,5.8998,0.9815,0.9845,0.987,58.1089,79.6437,94.728
2025-01-03,3304557,202501,24.5162,27.6916,31.8768,0.0043,0.334,1.4081,2.6722,0.9798,0.9816,0.9834,57.4168,74.2822,89.5384
2025-01-04,3304557,202501,24.3281,26.9478,31.1547,0.0,0.822,4.1261,6.576,0.9795,0.9808,0.9823,59.2967,77.3838,88.0719
2025-01-05,3304557,202502,23.8075,25.0448,26.7406,1.7231,4.5376,7.1537,36.3005,0.9808,0.9826,0.9843,79.4745,86.3424,94.012
2025-01-06,3304557,202502,22.7148,25.8592,30.4763,0.0189,1.0442,4.1556,8.3534,0.9822,0.984,0.9852,57.5224,77.4775,91.341
2025-01-07,3304557,202502,23.1569,25.2479,27.6681,0.4989,1.6439,3.3488,13.151,0.9827,0.9838,0.9846,75.3814,81.4926,89.4214
2025-01-08,3304557,202502,22.9325,24.6111,27.0572,0.1389,3.0737,11.9618,24.5897,0.9829,0.9843,0.9852,74.4863,84.358,91.3107
2025-01-09,3304557,202502,22.3889,23.6278,25.8369,0.4819,7.288,16.7005,58.3037,0.9825,0.9836,0.9852,78.0426,87.9136,94.7487
2025-01-10,3304557,202502,21.1998,23.3974,25.871,0.0267,2.2246,16.8051,17.7971,0.9827,0.9843,0.9854,58.93,75.3149,89.4082
2025-01-11,3304557,202502,20.0529,23.3328,26.9507,0.0,0.0305,0.2382,0.2444,0.9831,0.9843,0.9852,57.7051,74.5739,90.6176
2025-01-12,3304557,202503,22.1766,23.1202,24.5142,0.0001,0.4577,2.2533,3.6618,0.9835,0.9847,0.9859,70.4569,80.0247,86.7082
2025-01-13,3304557,202503,20.6309,22.3909,24.1502,0.0727,0.9174,2.3523,7.3388,0.9841,0.9848,0.9857,69.2741,81.4336,93.3267
2025-01-14,3304557,202503,21.5346,23.2035,25.7287,0.0117,0.3352,1.5278,2.6813,0.9838,0.9848,0.9853,62.4213,76.0583,85.1221
2025-01-15,3304557,202503,21.8943,23.5308,25.5297,0.1176,0.3034,0.8873,2.4271,0.9849,0.9861,0.9872,66.5157,77.3337,85.5556
2025-01-16,3304557,202503,22.0908,24.6748,27.5597,0.0265,0.4019,1.1962,3.2154,0.9853,0.9871,0.9885,71.4637,81.7486,94.033
2025-01-17,3304557,202503,23.3519,27.4315,33.1683,0.0024,0.1573,1.1976,1.2583,0.9841,0.9864,0.9878,51.2921,75.865,93.2047
2025-01-18,3304557,202503,23.7526,28.6469,34.477,0.0,0.0019,0.012,0.0154,0.983,0.9851,0.9863,45.4339,72.5842,93.5656
2025-01-19,3304557,202504,24.4061,29.0632,34.1998,0.0017,0.0306,0.1128,0.2446,0.9817,0.9836,0.9847,50.4538,74.0883,93.9395
2025-01-20,3304557,202504,25.5319,29.7527,34.8527,0.0036,0.4151,2.4555,3.3204,0.9804,0.9821,0.9832,47.8403,71.9909,91.2644
2025-01-21,3304557,202504,26.0566,30.1847,34.7526,0.0,0.3116,2.4555,2.4925,0.981,0.9825,0.9837,46.2301,68.0582,87.3225
2025-01-22,3304557,202504,26.1099,30.07,34.2361,0.0,0.0522,0.2214,0.4176,0.9842,0.986,0.9874,47.9045,66.1598,85.3313
2025-01-23,3304557,202504,25.2755,28.2464,31.8791,0.0,0.1737,0.9941,1.3899,0.9861,0.9877,0.9885,53.342,72.1856,90.9701
2025-01-24,3304557,202504,23.8389,27.3612,30.949,0.0117,0.703,1.9811,5.6238,0.986,0.9878,0.9892,59.9106,74.423,93.8558
2025-01-25,3304557,202504,24.4009,28.6462,34.4695,0.0,0.3277,1.9812,2.6217,0.9839,0.9863,0.988,43.6619,68.5508,90.9617
2025-01-26,3304557,202505,25.9103,28.0582,30.8477,0.0,2.1548,7.663,17.2381,0.9831,0.9848,0.986,57.1935,76.3512,88.4611
2025-01-27,3304557,202505,24.7747,25.5013,26.3065,0.4665,9.0475,19.8437,72.3801,0.9841,0.9857,0.9868,83.8675,88.4656,92.6162
2025-01-28,3304557,202505,23.9677,25.6894,28.2722,0.5269,7.2778,20.0995,58.2226,0.984,0.9858,0.9871,77.2385,86.5774,95.5892
2025-01-29,3304557,202505,23.9889,25.7084,27.1952,0.0372,5.9805,15.8008,47.8439,0.9835,0.9848,0.9858,79.9188,87.4502,94.1393
2025-01-30,3304557,202505,24.2049,25.4869,28.0743,2.877,8.0514,23.0991,64.411,0.9821,0.9839,0.9852,77.5153,88.4745,95.9407
2025-01-31,3304557,202505,24.0344,26.6031,28.657,0.0001,2.1555,8.6085,17.2438,0.9816,0.9827,0.9839,71.091,81.3684,90.8443
2025-02-01,3304557,202505,24.3809,26.5915,29.8638,2.7689,4.6618,7.5926,37.2946,0.9808,0.9823,0.9835,66.675,83.683,94.5425
2025-02-02,3304557,202506,24.2943,27.1779,29.9906,0.0171,1.778,7.5982,14.224,0.9814,0.9824,0.9837,65.1546,82.0037,95.5147
2025-02-03,3304557,202506,24.5284,28.0789,32.9542,0.4743,1.0858,4.1779,8.6866,0.9827,0.9837,0.9848,52.4795,76.3068,92.8554
2025-02-04,3304557,202506,24.2561,28.4268,32.7007,0.0142,0.1863,1.3696,1.4903,0.9836,0.985,0.9862,48.6244,73.9643,95.0161
2025-02-05,3304557,202506,24.3168,28.5316,33.2475,0.0228,0.0261,0.0272,0.2086,0.9833,0.9855,0.9868,43.2089,71.6205,94.1103
2025-02-06,3304557,202506,23.3068,28.8195,34.0702,0.0,0.0043,0.0272,0.0347,0.9842,0.9856,0.9874,39.5898,63.414,87.4784
2025-02-07,3304557,202506,23.7769,28.752,33.2309,0.0,0.0007,0.003,0.0053,0.9842,0.9854,0.9864,44.2236,64.0746,86.2537
2025-02-08,3304557,202506,24.2091,27.1612,30.6195,0.0,0.0061,0.0146,0.0491,0.9862,0.9875,0.9886,53.2721,74.0036,94.1533
2025-02-09,3304557,202507,23.0121,26.7523,30.6666,0.0,0.0411,0.1474,0.3291,0.9877,0.9888,0.9905,54.2362,73.1464,92.122
2025-02-10,3304557,202507,24.0097,27.552,32.0027,0.0256,0.0542,0.1481,0.4338,0.9858,0.9877,0.989,46.3896,70.5721,91.8653
2025-02-11,3304557,202507,23.3928,27.7575,33.0328,0.0,0.0065,0.0485,0.0523,0.9838,0.9862,0.9884,40.7485,66.8046,88.1472
2025-02-12,3304557,202507,23.9322,28.4115,33.7079,0.0,0.0007,0.001,0.0052,0.9833,0.9854,0.9872,40.6119,65.5701,85.4214
2025-02-13,3304557,202507,24.4542,28.9727,33.6973,0.0,0.0192,0.1101,0.1534,0.9845,0.9857,0.9873,42.7824,63.7437,85.4733
2025-02-14,3304557,202507,25.3452,27.9628,31.6345,0.0004,0.1622,0.6939,1.2976,0.9845,0.9855,0.9869,54.0032,72.062,86.6006
2025-02-15,3304557,202507,24.458,28.4378,32.6239,0.0025,0.1098,0.7066,0.8786,0.9833,0.9849,0.9867,50.0792,69.3271,90.6771
2025-02-16,3304557,202508,23.9906,29.6848,35.6341,0.0,0.0119,0.085,0.0953,0.9831,0.9852,0.9869,34.4161,62.2625,91.4355
2025-02-17,3304557,202508,24.0742,30.6145,37.3285,0.0,0.0007,0.003,0.0056,0.9824,0.9848,0.9865,26.7173,55.3605,82.1241
2025-02-18,3304557,202508,24.1989,30.8265,36.3065,0.0,0.0001,0.0009,0.0009,0.9825,0.9838,0.9854,33.1679,52.1746,81.7108
2025-02-19,3304557,202508,24.1544,28.9544,34.0362,0.0,0.0031,0.0052,0.0251,0.9842,0.9858,0.988,41.4449,66.578,93.7865
2025-02-20,3304557,202508,23.8971,29.2099,34.3348,0.0,0.0017,0.0052,0.0133,0.9854,0.9865,0.9882,42.2318,61.3114,79.0282
2025-02-21,3304557,202508,25.2564,28.1262,30.9764,0.0,0.5069,1.9881,4.0555,0.9874,0.9886,0.9897,64.4697,75.238,92.1203
2025-02-22,3304557,202508,24.113,28.0074,32.207,0.0143,0.3079,2.0029,2.4634,0.9878,0.9891,0.9904,43.8788,68.0855,91.3771
2025-02-23,3304557,202509,24.1585,27.8441,32.3858,0.0001,0.2757,1.3533,2.206,0.9871,0.9885,0.9899,47.0791,68.1108,88.9257
2025-02-24,3304557,202509,22.9446,27.543,31.8227,0.0,0.2398,1.3533,1.9181,0.9877,0.9887,0.9908,46.1154,67.6082,89.2254
2025-02-25,3304557,202509,23.8132,28.014,32.2995,0.0,0.2134,0.856,1.7074,0.9884,0.9899,0.9919,49.8121,68.8555,90.9272
2025-02-26,3304557,202509,23.1002,27.9539,33.4305,0.0,0.1105,0.856,0.8839,0.987,0.9897,0.9918,38.224,64.6417,90.1618
2025-02-27,3304557,202509,23.5203,28.449,33.9913,0.0,0.019,0.0943,0.1519,0.9862,0.988,0.9891,38.0191,64.8743,89.824
2025-02-28,3304557,202509,23.6251,28.4084,33.6351,0.0002,0.0184,0.0952,0.147,0.9873,0.9886,0.9904,37.042,62.5687,88.5252
2025-03-01,3304557,202509,23.2868,28.13,33.1887,0.0,0.0228,0.1201,0.1825,0.9882,0.9897,0.9918,44.8007,65.6318,86.8489
2025-03-02,3304557,202510,23.0461,28.1981,33.8779,0.0,0.0161,0.1209,0.129,0.9879,0.9897,0.9918,37.8937,64.3333,87.161
2025-03-03,3304557,202510,23.927,27.997,32.4895,0.0011,0.0879,0.5061,0.703,0.9884,0.9898,0.9916,41.5845,65.3017,87.8105
2025-03-04,3304557,202510,23.1544,27.123,31.243,0.0,0.1337,0.5061,1.0693,0.9888,0.9903,0.9922,43.0055,66.6493,89.227
2025-03-05,3304557,202510,22.571,27.151,32.5243,0.0,0.0467,0.2345,0.3736,0.989,0.9903,0.9925,38.5256,64.7,89.6706
2025-03-06,3304557,202510,22.6321,26.5863,31.3462,0.0,0.0473,0.1772,0.3781,0.9905,0.9917,0.9933,46.3848,69.3878,90.849
2025-03-07,3304557,202510,23.5587,26.3527,29.8268,0.0079,0.2651,0.8045,2.1209,0.9912,0.9926,0.9941,58.9931,75.3735,90.1961
2025-03-08,3304557,202510,23.4861,26.3918,30.4943,0.1763,0.4536,0.9241,3.6288,0.988,0.9903,0.9924,57.0722,75.6187,90.4147
2025-03-09,3304557,202511,22.874,27.8356,33.1304,0.0004,0.1037,0.7766,0.8299,0.9841,0.9869,0.9892,41.1942,67.4577,93.6935
2025-03-10,3304557,202511,24.1221,26.8629,29.153,0.0,0.3524,1.0435,2.8194,0.9839,0.9859,0.9872,64.5287,74.722,92.2473
2025-03-11,3304557,202511,23.0691,26.6266,31.2142,0.0024,0.2874,1.0481,2.299,0.9875,0.9887,0.9906,53.1337,71.2006,88.7435
2025-03-12,3304557,202511,23.8809,28.0819,32.8531,0.2783,0.494,0.8795,3.9521,0.9865,0.9891,0.9906,47.7514,67.9915,88.7917
2025-03-13,3304557,202511,24.4961,27.7288,33.5824,0.0173,1.4892,8.4125,11.9135,0.9845,0.9865,0.9882,47.3871,74.7521,92.1147
2025-03-14,3304557,202511,24.4934,26.2305,29.2409,2.0726,6.1645,9.2471,49.3156,0.9847,0.986,0.9875,70.8012,83.9361,95.4251
2025-03-15,3304557,202511,23.6654,25.7494,28.4905,0.0089,1.659,9.2534,13.272,0.9861,0.9873,0.9883,69.9645,81.4582,93.6852
2025-03-16,3304557,202512,23.3169,25.6581,28.6015,0.5451,1.0215,1.9718,8.1724,0.9884,0.9898,0.9912,62.375,77.7476,92.2055
2025-03-17,3304557,202512,23.5562,25.3154,27.2918,0.0677,0.687,1.8812,5.4957,0.9896,0.9909,0.9921,61.2937,76.1611,90.5789
2025-03-18,3304557,202512,21.5867,26.135,31.2842,0.0,0.1458,0.9761,1.1667,0.9846,0.9881,0.9908,47.5005,71.6799,92.1542
2025-03-19,3304557,202512,22.9563,24.3185,25.7276,0.0893,15.7606,40.536,126.0846,0.9849,0.9863,0.9877,80.3105,89.3135,95.1485
2025-03-20,3304557,202512,22.1041,23.6345,25.8223,1.034,7.2007,43.9399,57.6054,0.9879,0.9895,0.9912,75.5295,85.4641,93.0126
2025-03-21,3304557,202512,21.6153,23.7823,26.6537,0.1662,0.864,3.333,6.9122,0.9902,0.9914,0.9925,64.1726,79.3711,90.9623
2025-03-22,3304557,202512,21.5703,24.9893,28.7796,0.0041,0.1654,1.1272,1.3231,0.9882,0.9907,0.9924,56.2745,73.5876,89.8405
2025-03-23,3304557,202513,21.9415,25.8144,30.9921,0.0,0.0647,0.2962,0.5179,0.9856,0.9881,0.9898,53.8273,74.7229,91.1379
2025-03-24,3304557,202513,23.3409,25.3778,27.4222,0.2971,3.4121,5.7918,27.2972,0.9849,0.9865,0.9881,67.0815,80.4611,95.1438
2025-03-25,3304557,202513,22.7554,25.8035,29.881,0.0,0.8609,5.7936,6.887,0.9856,0.9866,0.9882,63.9123,81.1905,95.0713
2025-03-26,3304557,202513,21.7253,25.347,28.958,0.227,0.3475,0.8656,2.7802,0.9873,0.9884,0.9896,59.6142,78.758,96.898
2025-03-27,3304557,202513,23.2947,25.6037,28.2922,0.0076,0.1943,0.5129,1.5547,0.9868,0.9884,0.9902,62.451,74.9676,85.8164
2025-03-28,3304557,202513,21.7203,25.6848,29.7643,0.009,0.108,0.5476,0.8637,0.9854,0.9873,0.9885,54.8263,74.5955,93.8719
2025-03-29,3304557,202513,22.3423,26.0028,30.3839,0.0,0.0211,0.1312,0.1685,0.9846,0.9863,0.9878,50.0142,73.3499,92.7337
2025-03-30,3304557,202514,21.5936,25.9337,30.5285,0.0,0.0056,0.0142,0.0446,0.9848,0.9864,0.9881,48.0108,74.141,96.88
2025-03-31,3304557,202514,23.2719,26.0787,29.0831,0.0,0.2297,0.7511,1.8375,0.9865,0.9876,0.9895,60.9977,75.8283,89.7958
2025-04-01,3304557,202514,22.9967,26.9751,31.1773,0.2349,0.678,1.7271,5.424,0.986,0.9881,0.9894,55.6183,76.7344,95.3775
2025-04-02,3304557,202514,23.063,27.3852,31.9306,0.0551,0.2777,1.7303,2.2217,0.9846,0.9877,0.9898,49.9303,74.0653,96.8569
2025-04-03,3304557,202514,24.2786,27.9906,33.0777,0.0,0.0647,0.3512,0.5173,0.9836,0.9854,0.9868,48.5134,69.5884,84.9969
2025-04-04,3304557,202514,23.7467,26.415,28.6221,0.0,2.3486,9.6528,18.7889,0.9858,0.9876,0.9894,72.7256,81.0258,93.1398
2025-04-05,3304557,202514,21.5102,22.4066,23.3143,2.593,24.1278,50.0843,193.0225,0.9908,0.9936,0.9967,80.6925,90.3698,95.1199
2025-04-06,3304557,202515,21.0612,22.2668,24.0085,0.1934,7.4351,50.3778,59.4809,0.9952,0.9966,0.9978,62.5537,74.1116,84.9556
2025-04-07,3304557,202515,19.2511,21.7125,23.8642,0.4276,1.7278,4.313,13.8226,0.9923,0.9943,0.9965,64.4044,78.2255,90.292
2025-04-08,3304557,202515,18.2614,22.2828,26.7396,0.0012,0.278,2.2034,2.2242,0.9887,0.9914,0.9935,54.0649,72.8283,89.5204
2025-04-09,3304557,202515,19.957,24.1616,29.728,0.0,0.0014,0.0059,0.0114,0.9849,0.988,0.9902,53.9014,75.111,90.4483
2025-04-10,3304557,202515,21.722,23.5612,25.6566,0.7791,6.3996,18.6176,51.1967,0.9853,0.9864,0.9875,76.1787,87.1916,93.9276
2025-04-11,3304557,202515,20.3794,22.6876,25.3417,0.0426,3.2453,22.558,25.9621,0.9854,0.987,0.9881,73.7585,87.0972,96.6419
2025-04-12,3304557,202515,20.3836,22.8332,25.4643,0.0987,0.4849,1.4422,3.8788,0.9881,0.9892,0.9908,67.2156,82.0728,93.2336
2025-04-13,3304557,202516,20.3418,23.8506,28.5629,0.0053,0.1035,0.7448,0.828,0.9852,0.9886,0.9906,55.1029,78.4521,94.6975
2025-04-14,3304557,202516,22.0073,23.6801,25.3792,0.0974,1.911,4.6893,15.2881,0.9849,0.9863,0.9878,76.1336,83.3744,90.5421
2025-04-15,3304557,202516,20.2006,22.8961,26.0012,0.0938,0.7919,4.9445,6.3353,0.9877,0.989,0.9908,62.167,81.3079,95.5051
2025-04-16,3304557,202516,20.8288,22.7085,24.8443,0.0001,0.2912,0.8488,2.3294,0.9858,0.9875,0.9894,75.025,85.4779,93.4716
2025-04-17,3304557,202516,20.3177,23.8452,27.6886,0.0018,0.5445,1.6071,4.3562,0.9871,0.9881,0.9899,68.9395,85.7496,99.1925
2025-04-18,3304557,202516,20.6405,24.0922,27.6882,0.0273,0.4034,1.6223,3.2268,0.9871,0.9891,0.9907,67.3044,84.9222,99.2798
2025-04-19,3304557,202516,22.2505,25.0407,28.8293,0.0014,0.6418,4.2964,5.134,0.9833,0.9863,0.989,61.4142,80.4096,92.3615
2025-04-20,3304557,202517,21.8738,23.3342,25.6413,1.0772,2.5019,9.1578,20.0152,0.9833,0.9854,0.9868,76.8205,88.7903,96.3211
2025-04-21,3304557,202517,20.7614,21.5346,22.9091,1.8659,5.5573,8.6324,44.4587,0.9868,0.9879,0.9895,78.5231,87.4699,94.5986
2025-04-22,3304557,202517,19.8051,21.5917,24.1375,0.0114,1.3403,8.654,10.7223,0.9884,0.9892,0.9908,65.0154,79.695,90.6518
2025-04-23,3304557,202517,19.5814,22.3149,25.7314,0.0219,0.216,0.9617,1.7277,0.988,0.9894,0.9914,61.6217,78.5913,92.4568
2025-04-24,3304557,202517,20.1451,23.5241,27.9134,0.0136,0.0442,0.2516,0.3538,0.9836,0.9868,0.9894,58.9227,77.5704,92.2594
2025-04-25,3304557,202517,22.0765,22.7339,23.8878,0.2599,7.8445,14.3036,62.7559,0.9825,0.9839,0.9852,84.5577,91.6758,96.6957
2025-04-26,3304557,202517,19.7528,22.469,25.3805,0.0065,1.8136,14.3413,14.5092,0.9845,0.9862,0.988,67.5816,83.1482,96.3764
2025-04-27,3304557,202518,20.5345,23.5968,27.6638,0.0,0.0077,0.0439,0.0618,0.983,0.9857,0.9877,61.4671,80.9385,94.5519
2025-04-28,3304557,202518,20.6707,24.2667,29.3503,0.0,0.2863,2.2646,2.2902,0.9813,0.9832,0.9847,60.7671,80.9868,93.8871
2025-04-29,3304557,202518,21.2795,21.9457,22.9581,4.2911,10.773,13.1958,86.1836,0.9853,0.9867,0.9884,65.922,83.2494,94.7935
2025-04-30,3304557,202518,18.4399,20.9091,23.6835,0.0021,1.7556,13.1958,14.0451,0.9886,0.9897,0.9911,61.7393,77.9839,92.0276
2025-05-01,3304557,202518,18.4559,21.0249,23.8106,0.001,0.0498,0.232,0.3985,0.9907,0.9919,0.9932,59.7206,75.9798,90.3144
2025-05-02,3304557,202518,16.4777,20.5686,24.7596,0.0078,0.0224,0.0794,0.1793,0.9922,0.9929,0.9941,54.2308,77.2194,94.433
2025-05-03,3304557,202518,17.032,21.0823,25.4192,0.0,0.0021,0.0162,0.0166,0.991,0.9926,0.9939,54.6857,76.2517,93.429
2025-05-04,3304557,202519,17.6989,21.4016,25.2823,0.0,0.0004,0.0009,0.0035,0.9913,0.9923,0.9938,56.9004,77.705,94.075
2025-05-05,3304557,202519,18.3621,21.5153,25.2488,0.0024,0.023,0.0619,0.1841,0.9916,0.9933,0.9952,60.3401,79.7632,95.7847
2025-05-06,3304557,202519,17.2904,21.5594,26.4609,0.0,0.0089,0.0622,0.0714,0.9893,0.9916,0.9934,51.5192,76.6248,94.645
2025-05-07,3304557,202519,18.6045,22.5318,27.5456,0.0,0.0045,0.0116,0.0356,0.9889,0.9907,0.992,53.6067,75.5036,91.1719
2025-05-08,3304557,202519,18.2471,22.9932,28.4911,0.0,0.0015,0.0116,0.0116,0.988,0.9903,0.9924,52.9671,76.5622,93.1043
2025-05-09,3304557,202519,19.3087,24.3929,31.3669,0.0,0.0001,0.0004,0.0009,0.9855,0.9876,0.9892,46.3754,72.7958,89.6735
2025-05-10,3304557,202519,20.4952,24.4119,31.0811,0.0,0.0247,0.1932,0.1976,0.9857,0.9882,0.9913,48.4841,76.8541,89.1303
2025-05-11,3304557,202520,20.8584,21.7003,22.8222,0.2993,7.1759,14.7469,57.4068,0.992,0.9944,0.9968,76.6923,89.7486,95.7623
2025-05-12,3304557,202520,19.2641,20.7269,22.6092,0.0879,2.1505,15.0408,17.2037,0.9962,0.9972,0.9984,68.2435,79.0249,87.7759
2025-05-13,3304557,202520,19.1004,20.8122,22.9091,0.1576,0.7981,1.1129,6.385,0.9948,0.996,0.9974,69.373,80.7096,88.897
2025-05-14,3304557,202520,17.9711,20.3896,23.2602,0.0478,0.3124,1.1571,2.4992,0.9946,0.9958,0.9972,60.112,76.6555,88.9431
2025-05-15,3304557,202520,18.1478,20.7213,24.2388,0.0139,0.0727,0.4027,0.5819,0.9944,0.9963,0.9976,54.9658,75.8101,88.9973
2025-05-16,3304557,202520,16.7768,20.6936,25.557,0.0007,0.0073,0.0353,0.0581,0.9938,0.9958,0.9978,51.134,79.5079,97.7598
2025-05-17,3304557,202520,16.4106,21.0252,26.5036,0.0,0.0013,0.0045,0.0105,0.9918,0.9941,0.996,51.54,74.5258,91.075
2025-05-18,3304557,202521,16.3229,21.5545,27.5558,0.0,0.0009,0.0017,0.0068,0.9917,0.9925,0.9943,48.506,73.662,89.9912
2025-05-19,3304557,202521,16.7371,22.0041,28.1942,0.0,0.0007,0.0022,0.0056,0.9902,0.9916,0.993,44.1943,69.8748,85.7073
2025-05-20,3304557,202521,16.0596,22.0048,28.5117,0.0,0.0006,0.0017,0.0051,0.9893,0.9909,0.9927,42.8126,69.7865,88.8083
2025-05-21,3304557,202521,16.267,22.4438,28.7787,0.0,0.0012,0.0022,0.0099,0.9891,0.9902,0.9917,40.8601,68.6341,85.1221
2025-05-22,3304557,202521,18.652,22.0011,26.8187,0.0,0.0167,0.0628,0.134,0.99,0.9914,0.9924,57.0656,83.4067,99.0112
2025-05-23,3304557,202521,19.2931,21.1457,24.1548,0.0,1.7558,7.9722,14.0466,0.9914,0.9925,0.9939,76.0566,89.2516,97.3001
2025-05-24,3304557,202521,19.432,20.6373,22.4407,3.3594,5.2197,9.5802,41.7573,0.9942,0.9958,0.9975,64.6962,82.5838,93.406
2025-05-25,3304557,202522,16.3672,20.2811,24.36,0.0,0.6557,5.2453,5.2456,0.9934,0.9957,0.9973,57.9189,77.8947,94.6751
2025-05-26,3304557,202522,16.6852,21.2357,26.4189,0.0,0.0,0.0001,0.0004,0.9919,0.9936,0.9952,53.7398,77.2934,93.6073
2025-05-27,3304557,202522,18.0922,22.3774,28.3588,0.0,0.0006,0.001,0.0047,0.9895,0.992,0.9937,51.266,76.3321,92.1579
2025-05-28,3304557,202522,19.0128,23.4063,29.3263,0.0,0.0001,0.001,0.001,0.9872,0.9899,0.9921,49.2448,73.0794,89.5877
2025-05-29,3304557,202522,20.1725,21.5593,24.1347,0.0,0.185,0.5662,1.4803,0.9879,0.9902,0.9923,70.0398,77.8153,82.5465
2025-05-30,3304557,202522,19.0138,19.915,20.9047,0.2955,0.7531,0.9072,6.0251,0.9935,0.9942,0.9957,61.6546,73.8239,82.1268
2025-05-31,3304557,202522,17.6859,20.2058,23.5711,0.0015,0.1193,0.9124,0.9544,0.9921,0.994,0.9955,61.2449,76.0561,87.3098
2025-06-01,3304557,202523,17.4894,20.4826,24.3129,0.0,0.0046,0.0136,0.0368,0.9923,0.9942,0.9959,67.0623,83.935,96.3789
2025-06-02,3304557,202523,19.3681,20.9287,23.3608,0.0349,0.3191,0.5207,2.5528,0.9962,0.9973,0.9991,64.159,82.9895,95.6726
2025-06-03,3304557,202523,17.2339,21.2999,26.9341,0.0,0.1065,0.5207,0.8521,0.9915,0.9943,0.9963,52.4913,78.5945,97.4336
2025-06-04,3304557,202523,17.3729,22.4079,28.7098,0.0,0.0377,0.298,0.3014,0.9882,0.99,0.9917,48.2064,76.4517,92.7857
2025-06-05,3304557,202523,18.0331,23.6685,30.7399,0.0,0.0008,0.0056,0.0064,0.9862,0.9888,0.9899,41.6364,70.9574,89.6457
2025-06-06,3304557,202523,19.6884,21.8688,24.8895,0.0,0.0513,0.215,0.4102,0.9868,0.9898,0.9917,67.7855,83.1276,92.0924
2025-06-07,3304557,202523,19.4139,21.1367,23.5639,0.0099,0.2742,0.5115,2.1939,0.99,0.9914,0.993,68.5495,82.7604,94.5748
2025-06-08,3304557,202524,18.811,22.3487,28.25,0.0405,0.2921,1.46,2.3367,0.9843,0.988,0.9912,54.2484,76.2688,89.506
2025-06-09,3304557,202524,19.144,20.34,21.6136,3.0687,9.9099,16.2014,79.279,0.9867,0.9887,0.991,77.6486,88.9101,97.1474
2025-06-10,3304557,202524,17.4823,19.0429,20.5655,0.8519,3.4159,17.176,27.3271,0.9892,0.9912,0.993,77.943,87.7878,95.8628
2025-06-11,3304557,202524,16.8155,18.1575,19.6621,0.1136,0.7561,2.5261,6.0489,0.9923,0.9937,0.9949,68.2875,81.7706,89.53
2025-06-12,3304557,202524,14.9554,17.1246,18.9792,0.1795,1.4799,2.2742,11.8391,0.9954,0.9964,0.9981,58.3681,73.5792,86.8047
2025-06-13,3304557,202524,13.7649,16.9704,20.7293,0.0304,0.334,2.3002,2.6723,0.9974,0.9982,1.0,54.5014,74.5355,88.4027
2025-06-14,3304557,202524,13.5237,17.7855,22.3826,0.0,0.0102,0.075,0.0815,0.9967,0.9989,1.0009,42.7476,68.5189,88.1154
2025-06-15,3304557,202525,12.6381,18.0582,25.1413,0.0,0.0011,0.0026,0.0089,0.9934,0.9955,0.9975,40.4608,67.4162,84.7957
2025-06-16,3304557,202525,14.2845,19.6159,25.7468,0.0,0.0011,0.0034,0.0091,0.9925,0.9948,0.9969,47.9142,68.3354,84.5694
2025-06-17,3304557,202525,13.5304,19.7237,25.7229,0.0,0.0002,0.0013,0.0013,0.994,0.9959,0.9974,48.3741,73.3151,91.6676
2025-06-18,3304557,202525,14.6821,20.033,26.7618,0.0,0.0006,0.0013,0.0051,0.9923,0.9949,0.9966,46.6013,73.1087,89.077
2025-06-19,3304557,202525,15.7986,20.8927,27.3449,0.0,0.0002,0.0013,0.0013,0.9927,0.9937,0.9952,46.7209,72.7255,89.0252
2025-06-20,3304557,202525,15.8238,21.4776,27.5709,0.0,0.0005,0.0009,0.0038,0.9886,0.9919,0.994,40.8918,68.5572,88.9835
2025-06-21,3304557,202525,16.5071,20.5529,26.8065,0.0,0.0005,0.0026,0.0043,0.9869,0.9877,0.9892,48.181,72.3258,85.094
2025-06-22,3304557,202526,17.5788,21.4777,28.006,0.0024,0.0028,0.0034,0.0225,0.985,0.9876,0.9895,49.0327,81.3879,98.6785
2025-06-23,3304557,202526,18.2523,23.1843,30.7417,0.0,0.0006,0.0034,0.0051,0.9817,0.985,0.9872,38.8536,69.8875,93.7751
2025-06-24,3304557,202526,16.496,19.5762,22.526,0.0001,0.6557,2.0133,5.2457,0.9847,0.9886,0.9939,74.386,80.6432,91.4018
2025-06-25,3304557,202526,14.3012,17.1195,20.3107,0.0008,0.27,2.149,2.1596,0.995,0.9963,0.9983,50.8431,65.8926,80.5764
2025-06-26,3304557,202526,13.3455,19.2584,27.5424,0.0,0.0003,0.002,0.002,0.9894,0.993,0.9959,47.4055,69.7515,85.7647
2025-06-27,3304557,202526,16.325,20.5408,26.3466,0.0,0.0,0.0,0.0,0.9898,0.9916,0.9939,55.1043,76.2499,85.8636
2025-06-28,3304557,202526,19.317,21.7419,25.6868,0.0005,0.0424,0.103,0.3388,0.992,0.9948,0.9969,59.13,82.9471,96.0264
2025-06-29,3304557,202527,17.6881,22.6004,29.8648,0.0,0.0129,0.103,0.103,0.9887,0.9902,0.9921,39.1697,70.8941,93.7114
2025-06-30,3304557,202527,17.8911,20.9738,23.9099,0.0,0.1088,0.3709,0.8702,0.99,0.9922,0.9942,70.2991,77.9508,84.8063
2025-07-01,3304557,202527,19.5595,20.5123,22.6283,0.0397,0.6403,1.7367,5.1226,0.9947,0.9959,0.9975,73.6203,87.6509,95.8495
2025-07-02,3304557,202527,17.5585,18.239,19.2805,2.135,5.3623,8.823,42.8981,0.9981,0.9993,1.0005,83.7582,89.3545,93.155
2025-07-03,3304557,202527,16.5666,17.4616,18.7235,0.892,3.0217,9.7474,24.174,0.9986,1.0002,1.0011,76.2464,85.6372,92.8807
2025-07-04,3304557,202527,16.1587,17.5625,19.1632,0.1552,1.8148,3.0043,14.5184,0.9984,0.9998,1.0014,69.6251,83.173,92.7603
2025-07-05,3304557,202527,12.7278,17.4228,21.2447,0.0034,0.3797,3.0078,3.0376,0.9957,0.9984,1.0001,54.8824,76.8106,97.5823
2025-07-06,3304557,202528,12.791,17.423,21.5886,0.0,0.0016,0.0048,0.0126,0.9949,0.9959,0.9968,57.1067,79.2069,98.3878
2025-07-07,3304557,202528,14.1928,17.4752,20.5474,0.0034,0.197,0.3872,1.5758,0.9969,0.9978,0.9996,64.2992,81.5793,96.0413
2025-07-08,3304557,202528,12.5447,17.9009,23.9682,0.0,0.0484,0.3872,0.3872,0.9936,0.9962,0.9984,48.1021,75.9497,95.2344
2025-07-09,3304557,202528,15.8727,18.146,20.2762,0.0,0.191,0.5152,1.5283,0.9957,0.9973,0.9988,71.989,82.3549,95.2962
2025-07-10,3304557,202528,15.4609,18.1224,21.5177,0.0282,0.1468,0.5175,1.1743,0.9988,1.0001,1.002,62.9059,80.8809,94.7751
2025-07-11,3304557,202528,14.9595,18.8167,23.3792,0.0,0.0185,0.129,0.148,0.998,0.9997,1.0012,57.3916,79.7851,95.5802
2025-07-12,3304557,202528,16.1127,19.4908,23.7599,0.0,0.0096,0.0205,0.0771,0.9973,0.9989,1.0008,53.678,78.3212,94.1504
2025-07-13,3304557,202529,15.1636,18.8008,22.2533,0.0,0.0248,0.0838,0.1981,0.9982,0.9992,1.0009,52.6626,77.5326,96.3226
2025-07-14,3304557,202529,13.2048,18.2787,23.447,0.0,0.0122,0.0838,0.0974,0.9963,0.9982,0.9997,51.7704,78.252,97.9726
2025-07-15,3304557,202529,15.2286,18.7415,22.1948,0.0038,0.0196,0.0508,0.1565,0.9948,0.9963,0.9977,62.8357,81.3366,97.9641
2025-07-16,3304557,202529,13.7637,17.8933,23.6681,0.0,0.0119,0.0508,0.0948,0.9936,0.9951,0.9966,40.3127,78.0465,98.7268
2025-07-17,3304557,202529,12.6553,18.8614,26.2135,0.0,0.0016,0.0111,0.0127,0.9901,0.993,0.9954,41.0173,71.7461,97.429
2025-07-18,3304557,202529,14.0149,19.354,26.9112,0.0,0.0049,0.0328,0.0393,0.9891,0.9901,0.9918,38.9315,73.7509,88.8681
2025-07-19,3304557,202529,16.8981,18.9736,21.3708,0.0359,0.0645,0.09,0.5158,0.9938,0.995,0.9968,55.5932,74.4697,88.8709
2025-07-20,3304557,202530,13.8936,17.8557,22.5044,0.0001,0.0103,0.0683,0.082,0.994,0.9958,0.9974,55.9587,76.7087,91.8414
2025-07-21,3304557,202530,15.0643,19.1143,24.5198,0.0019,0.0032,0.0036,0.0259,0.991,0.9936,0.9951,52.4308,78.1181,96.7345
2025-07-22,3304557,202530,14.6619,20.3791,27.5666,0.0,0.001,0.0036,0.0083,0.9892,0.9907,0.9922,45.3286,76.5396,97.937
2025-07-23,3304557,202530,16.9084,20.0207,23.7607,0.0,0.011,0.0269,0.0879,0.9912,0.9929,0.9947,66.1627,84.1712,98.7843
2025-07-24,3304557,202530,16.366,18.7604,21.5429,0.0054,0.3406,1.3738,2.7252,0.9943,0.9956,0.9973,67.3685,82.7797,94.8057
2025-07-25,3304557,202530,17.2606,19.7053,23.6841,0.3778,3.2933,6.4823,26.3464,0.9909,0.9934,0.9952,62.739,83.6674,95.7662
2025-07-26,3304557,202530,17.1996,19.7005,23.3344,1.0376,2.0705,8.0683,16.5637,0.9917,0.9927,0.9943,65.5135,85.9949,98.7303
2025-07-27,3304557,202531,14.7703,20.7948,28.3681,0.0,0.175,1.4001,1.4001,0.9875,0.991,0.9929,43.9239,76.431,97.0965
2025-07-28,3304557,202531,18.5685,23.2397,30.6283,0.0,0.0,0.0,0.0,0.9832,0.9861,0.9888,36.4992,57.8566,73.792
2025-07-29,3304557,202531,17.5212,19.4656,24.2888,0.0,0.217,0.4411,1.736,0.9855,0.99,0.9926,52.6002,66.4351,78.6781
2025-07-30,3304557,202531,13.4772,16.7079,19.8834,0.0,0.0554,0.4435,0.4435,0.9943,0.9956,0.9969,46.5596,61.407,74.0125
2025-07-31,3304557,202531,12.9442,16.2883,20.0849,0.0,0.0281,0.0553,0.2245,0.998,0.9991,1.0005,58.3417,73.5633,89.8304
2025-08-01,3304557,202531,11.1808,16.8549,23.1379,0.0,0.0069,0.0553,0.0553,0.9973,0.9997,1.002,46.2722,73.8139,97.5943
2025-08-02,3304557,202531,12.1235,18.4463,25.7468,0.0,0.0002,0.0013,0.0017,0.9951,0.9973,0.999,41.9627,69.7968,90.5728
2025-08-03,3304557,202532,13.3351,19.6599,27.324,0.0,0.0003,0.0013,0.0026,0.9922,0.9942,0.9957,38.7826,68.3631,87.253
2025-08-04,3304557,202532,13.466,19.9678,27.7758,0.0,0.0003,0.0022,0.0022,0.991,0.9933,0.9944,35.9573,65.219,83.1041
2025-08-05,3304557,202532,16.4302,19.31,22.1582,0.0005,0.0197,0.0915,0.1578,0.9945,0.9959,0.9975,64.0508,82.7548,96.3123
2025-08-06,3304557,202532,16.5054,19.2029,22.2465,0.0215,0.39,0.981,3.12,0.9934,0.9957,0.9971,65.778,84.2209,97.7151
2025-08-07,3304557,202532,15.3881,19.5503,24.633,0.0075,0.1375,1.007,1.1002,0.9899,0.9926,0.995,57.1413,80.9419,96.9579
2025-08-08,3304557,202532,16.1114,21.7932,29.8955,0.0,0.0042,0.0264,0.0334,0.9839,0.9878,0.9911,36.4368,73.389,98.9644
2025-08-09,3304557,202532,18.0337,18.814,20.1116,0.0032,0.702,1.6698,5.6158,0.9866,0.9888,0.9907,75.1988,86.2215,95.3263
2025-08-10,3304557,202533,15.8138,17.5368,19.5195,0.1757,0.5928,2.1623,4.7425,0.992,0.993,0.9941,59.8343,70.9747,82.4217
2025-08-11,3304557,202533,14.4915,16.8497,19.3426,0.2005,0.7945,1.3128,6.3562,0.9931,0.9942,0.9952,61.8898,77.1929,90.5515
2025-08-12,3304557,202533,13.249,16.7253,20.6015,0.0182,0.2719,1.323,2.1748,0.9923,0.9937,0.9951,53.9467,75.9028,92.6993
2025-08-13,3304557,202533,12.8735,18.3162,25.8893,0.0005,0.0241,0.1865,0.1928,0.9899,0.9928,0.9947,43.5423,75.5874,98.3526
2025-08-14,3304557,202533,14.684,18.3916,22.1964,0.0,0.031,0.085,0.2478,0.9913,0.9939,0.9968,63.1519,81.2533,98.2754
2025-08-15,3304557,202533,15.5062,18.078,21.5028,0.0023,0.2591,0.7568,2.073,0.997,0.9982,0.9993,57.7534,76.9571,92.0673
2025-08-16,3304557,202533,15.9692,18.6147,21.7308,0.0236,0.1505,0.7596,1.2042,0.9945,0.9964,0.998,59.1464,77.4022,92.7323
2025-08-17,3304557,202534,14.6769,18.9796,24.1409,0.0012,0.019,0.1061,0.1519,0.9914,0.994,0.9956,52.0541,77.1289,96.9809
2025-08-18,3304557,202534,15.8874,19.124,22.4833,0.0008,0.4231,1.3264,3.3844,0.9935,0.9948,0.9966,63.2616,81.5016,97.3259
2025-08-19,3304557,202534,15.8164,19.855,25.8465,0.0021,0.1781,1.3265,1.4251,0.9918,0.9949,0.9971,40.5066,72.3861,93.2648
2025-08-20,3304557,202534,15.4174,21.7838,29.7807,0.0,0.0031,0.0233,0.025,0.9878,0.9911,0.9931,37.4498,63.5398,84.9306
2025-08-21,3304557,202534,17.697,23.5362,30.6396,0.0,0.0015,0.0026,0.012,0.9883,0.9896,0.9912,37.3691,59.7835,78.4708
2025-08-22,3304557,202534,17.7424,24.5006,31.418,0.0,0.0003,0.0026,0.0026,0.9873,0.9896,0.9912,36.3788,64.9333,92.0596
2025-08-23,3304557,202534,18.9539,25.0191,32.8456,0.0,0.0002,0.0009,0.0017,0.9858,0.9882,0.9898,27.2069,54.416,75.5466
2025-08-24,3304557,202535,18.7737,22.2445,25.3098,0.0,0.0159,0.0709,0.1273,0.987,0.9902,0.9932,49.0271,66.3172,80.2208
2025-08-25,3304557,202535,19.1183,22.2969,27.9557,0.0198,0.0582,0.1117,0.4653,0.992,0.9943,0.996,49.8158,75.7805,91.8116
2025-08-26,3304557,202535,20.0555,21.5082,24.4607,0.25,0.9402,1.5039,7.5218,0.994,0.9958,0.9969,69.2918,83.8966,93.7413
2025-08-27,3304557,202535,18.9501,22.3922,27.0824,0.0196,0.2157,1.5248,1.7254,0.9933,0.9955,0.9968,45.6376,74.6257,94.4549
2025-08-28,3304557,202535,18.1519,21.8918,26.5338,0.0,0.0075,0.0317,0.0597,0.9934,0.9953,0.9967,50.9391,76.346,96.4327
2025-08-29,3304557,202535,19.4646,21.848,25.0324,0.0204,0.1588,0.4153,1.2702,0.9922,0.9939,0.9954,58.9133,79.106,93.3148
2025-08-30,3304557,202535,19.0135,21.2123,24.4266,0.2327,1.1496,2.3137,9.1968,0.9937,0.995,0.9969,52.4165,77.4856,91.5689
2025-08-31,3304557,202536,17.1149,20.6487,24.6671,0.0007,0.5107,2.3368,4.0858,0.9951,0.9964,0.9979,59.7442,80.6093,98.0906
2025-09-01,3304557,202536,18.2098,21.2178,24.8871,0.0023,0.2926,0.7698,2.3405,0.9968,0.998,1.0,59.1938,78.692,94.612
2025-09-02,3304557,202536,18.5124,21.3261,25.38,0.001,0.4185,0.9132,3.3477,0.9963,0.9982,1.0001,53.108,75.5211,91.7316
2025-09-03,3304557,202536,16.8404,21.5163,27.2238,0.0003,0.1167,0.9132,0.9334,0.9935,0.9964,0.9984,35.4824,64.3099,89.3569
2025-09-04,3304557,202536,15.5138,21.9815,29.065,0.0,0.0008,0.0044,0.0061,0.9906,0.9933,0.995,30.3965,58.378,86.5338
2025-09-05,3304557,202536,16.128,22.6165,30.1087,0.0,0.0003,0.0016,0.0024,0.9882,0.9904,0.9914,34.6214,58.149,77.8603
2025-09-06,3304557,202536,19.2652,20.6158,23.0615,0.0141,0.5696,1.6764,4.5566,0.9915,0.9935,0.9954,69.4946,83.5723,93.0765
2025-09-07,3304557,202537,18.8014,19.7867,21.2705,1.2743,3.7759,5.0691,30.2071,0.9951,0.9962,0.998,72.8608,83.8701,92.2827
2025-09-08,3304557,202537,18.2957,21.1194,25.6882,0.0189,0.7447,5.0938,5.9577,0.9907,0.9949,0.9972,58.9267,77.4783,89.2741
2025-09-09,3304557,202537,19.1102,24.2451,31.9711,0.0001,0.0439,0.2281,0.3508,0.9849,0.9882,0.9917,37.1977,67.0668,89.2156
2025-09-10,3304557,202537,18.3988,21.6638,24.3418,0.1267,0.1703,0.4459,1.362,0.9893,0.9921,0.9938,56.1064,73.3644,93.9741
2025-09-11,3304557,202537,17.2533,20.9669,26.5849,0.0,0.0176,0.132,0.1408,0.9905,0.9935,0.9955,50.9653,73.7536,92.0943
2025-09-12,3304557,202537,16.7927,19.9818,23.1995,0.0,0.212,0.5539,1.6961,0.9913,0.993,0.9946,58.5352,76.4112,95.4388
2025-09-13,3304557,202537,17.9178,19.3791,20.7316,0.1082,0.7578,1.4419,6.0625,0.9936,0.9947,0.9961,62.5838,72.9428,84.5311
2025-09-14,3304557,202538,17.3952,19.8316,23.1354,0.1366,0.4628,1.6204,3.702,0.9926,0.9947,0.9965,55.5041,72.1284,86.5778
2025-09-15,3304557,202538,17.2099,21.3846,27.4193,0.0008,0.0585,0.3878,0.4677,0.9894,0.9925,0.9941,44.6921,73.109,93.9763
2025-09-16,3304557,202538,16.7621,22.0222,28.7795,0.0,0.1426,1.1136,1.141,0.9861,0.9892,0.9916,44.6241,75.9639,96.8829
2025-09-17,3304557,202538,19.2102,21.0329,23.2479,0.2964,0.8069,2.5446,6.4555,0.9865,0.989,0.9904,68.5403,85.0952,96.1637
2025-09-18,3304557,202538,17.8615,21.1654,25.6219,0.0074,0.1208,0.779,0.9663,0.9902,0.9915,0.9933,51.5385,76.3587,93.0297
2025-09-19,3304557,202538,17.5157,23.2871,31.1855,0.0008,0.0062,0.0397,0.0499,0.9873,0.9906,0.9927,38.9101,72.5091,98.7193
2025-09-20,3304557,202538,20.908,25.8638,31.7835,0.0,0.0518,0.2972,0.4142,0.9846,0.987,0.9885,40.5838,62.1422,79.5922
2025-09-21,3304557,202539,22.211,28.2898,36.4542,0.0,0.0381,0.2972,0.3045,0.9788,0.9827,0.9862,27.9638,56.1615,78.6408
2025-09-22,3304557,202539,22.0829,29.2971,36.4547,0.0,0.2563,1.5621,2.0507,0.9778,0.9802,0.9826,29.9108,52.0727,89.0369
2025-09-23,3304557,202539,19.8157,21.7946,24.7491,0.957,6.9384,9.4921,55.5073,0.9841,0.991,0.9961,62.406,76.0041,92.4008
2025-09-24,3304557,202539,18.5411,19.7077,21.6359,0.0072,1.5604,9.4967,12.483,0.997,0.9991,1.0009,66.2399,75.0951,87.1062
2025-09-25,3304557,202539,17.3605,18.3866,19.7753,0.8429,3.2655,5.1729,26.1241,1.0,1.0013,1.0023,64.0768,81.7415,92.59
2025-09-26,3304557,202539,15.6511,17.9693,20.8061,0.7708,2.7602,5.4084,22.0813,0.9978,1.0001,1.0021,47.8137,68.9206,85.8648
2025-09-27,3304557,202539,14.2998,18.1092,22.549,0.0,0.3778,3.022,3.0222,0.9951,0.9974,0.9989,42.2263,61.3789,81.1606
2025-09-28,3304557,202540,13.2279,19.2515,27.5067,0.0,0.0008,0.0017,0.006,0.9892,0.9941,0.9969,37.9134,60.9942,84.2483
2025-09-29,3304557,202540,17.1984,22.316,28.9352,0.0,0.0013,0.0026,0.0103,0.9897,0.991,0.9923,42.1678,63.3546,79.4997
2025-09-30,3304557,202540,16.981,23.3107,29.8654,0.0,0.0003,0.0017,0.0026,0.99,0.9922,0.9943,43.0176,70.4645,96.4892
2025-10-01,3304557,202540,17.6502,23.2223,29.6252,0.0,0.0001,0.0004,0.0004,0.9903,0.9915,0.9928,43.9177,67.3865,87.0712
2025-10-02,3304557,202540,18.5422,22.9861,28.5491,0.0,0.0017,0.005,0.0133,0.9917,0.9937,0.9951,42.5851,71.5778,93.2423
2025-10-03,3304557,202540,19.4446,23.5369,29.8128,0.0001,0.0017,0.005,0.0136,0.9902,0.9933,0.9953,36.1076,66.592,86.6763
2025-10-04,3304557,202540,20.014,24.2128,29.6384,0.0,0.0012,0.0017,0.0096,0.9906,0.9927,0.9949,37.5919,64.0042,84.7174
2025-10-05,3304557,202541,20.6972,25.5605,31.9986,0.0025,0.4617,0.6147,3.6933,0.9869,0.9904,0.9929,33.2636,58.0657,77.9185
2025-10-06,3304557,202541,20.5258,27.0709,34.9665,0.0,0.0773,0.6147,0.6182,0.982,0.9853,0.9882,26.6841,53.7076,77.711
2025-10-07,3304557,202541,21.1344,24.3463,27.89,0.0,0.0746,0.5002,0.5971,0.9822,0.9858,0.9903,53.7568,69.6221,82.6985
2025-10-08,3304557,202541,18.31,19.8913,20.6362,0.3741,2.9493,7.4894,23.5946,0.991,0.9929,0.9943,84.2438,89.0533,94.2449
2025-10-09,3304557,202541,17.9001,18.8954,20.597,2.1725,6.2183,9.0734,49.746,0.9946,0.996,0.9971,69.499,84.8956,94.8265
2025-10-10,3304557,202541,18.098,19.8446,22.9958,0.0047,4.3172,8.7974,34.5373,0.9918,0.9938,0.9967,69.4082,80.6563,89.3153
2025-10-11,3304557,202541,18.8976,21.6287,25.8239,0.2765,1.7398,9.5764,13.9188,0.9867,0.9897,0.9928,66.3066,84.1683,96.8137
2025-10-12,3304557,202542,19.781,24.5771,31.4363,0.0008,0.1351,1.0253,1.0808,0.9821,0.9863,0.9894,46.6365,76.4833,98.5441
2025-10-13,3304557,202542,22.2901,26.5115,32.5488,0.0,0.0895,0.3139,0.7158,0.9805,0.9824,0.9836,40.0775,68.0945,88.0362
2025-10-14,3304557,202542,21.7774,24.079,27.4826,1.6985,3.2775,4.8129,26.2204,0.9828,0.9863,0.99,62.0094,79.2701,93.2354
2025-10-15,3304557,202542,19.3296,21.7094,23.9504,0.3462,1.2573,4.9676,10.058,0.9909,0.9922,0.9939,64.3187,79.2747,96.0781
2025-10-16,3304557,202542,18.5192,22.4176,28.0163,0.0,0.1221,0.9303,0.9769,0.9871,0.9903,0.993,51.796,73.5247,91.1251
2025-10-17,3304557,202542,19.5113,24.7277,32.6315,0.0,0.0031,0.0107,0.0249,0.9826,0.9862,0.9894,44.0412,72.6769,93.6119
2025-10-18,3304557,202542,21.3501,24.003,28.1857,0.0,1.2358,5.531,9.8864,0.9806,0.9833,0.9853,66.2117,83.6757,95.1379
2025-10-19,3304557,202543,18.3651,19.7578,22.237,6.2698,11.0685,13.9971,88.548,0.9835,0.9889,0.9936,72.4709,86.024,94.8359
2025-10-20,3304557,202543,16.3213,18.0503,20.0874,0.1907,3.0211,14.1758,24.1688,0.9946,0.9968,0.9987,54.7728,68.4453,84.5463
2025-10-21,3304557,202543,14.248,17.3226,20.3878,0.0305,0.8143,2.5802,6.514,0.9983,0.9999,1.0014,56.5747,72.1281,88.2777
2025-10-22,3304557,202543,15.6897,18.5473,22.1012,0.0096,0.2668,1.4464,2.1343,0.9987,0.9998,1.0013,52.1481,68.328,82.0806
2025-10-23,3304557,202543,16.043,19.3408,23.581,0.0147,0.0801,0.2716,0.6406,0.9965,0.9988,1.0006,46.9402,70.8424,87.7499
2025-10-24,3304557,202543,16.0658,20.0949,25.0359,0.0019,0.0249,0.0919,0.1989,0.9934,0.9967,0.9985,43.3707,69.4441,88.4824
2025-10-25,3304557,202543,16.9122,22.172,29.0127,0.0,0.0048,0.0306,0.0384,0.9882,0.9919,0.9948,38.329,67.8852,89.2031
2025-10-26,3304557,202544,18.6066,25.0302,32.6144,0.0,0.0008,0.0019,0.0066,0.9834,0.9869,0.9897,31.2893,63.5392,88.601
2025-10-27,3304557,202544,20.592,24.3957,32.3119,0.0,0.1546,1.0052,1.2369,0.9862,0.9875,0.9907,41.3266,71.2689,88.4432
2025-10-28,3304557,202544,20.1703,22.6335,27.6198,2.8983,13.2977,18.2569,106.3817,0.9888,0.9907,0.9922,60.6368,83.3595,95.5432
2025-10-29,3304557,202544,20.5932,25.2121,32.6739,0.0018,2.6302,18.5737,21.0414,0.983,0.987,0.9912,45.1765,77.4669,96.9338
2025-10-30,3304557,202544,19.8476,20.9158,22.0153,0.1924,2.7361,5.5231,21.8885,0.9877,0.9901,0.992,76.535,89.1603,95.3793
2025-10-31,3304557,202544,18.6547,20.2208,22.4014,0.0371,2.1426,6.1897,17.1405,0.9887,0.9907,0.9929,72.0374,84.6848,92.0073
2025-11-01,3304557,202544,19.682,22.4884,26.6996,0.0358,0.9066,6.399,7.2531,0.9871,0.9891,0.9909,68.0706,83.4759,95.5496
2025-11-02,3304557,202545,20.4256,23.4921,28.0275,0.0071,1.3083,8.997,10.4668,0.9836,0.9866,0.9893,63.5669,84.3125,96.4511
2025-11-03,3304557,202545,21.3936,24.1231,29.0174,0.3854,2.3318,12.2328,18.6544,0.9819,0.9838,0.985,65.0433,84.7374,97.2659
2025-11-04,3304557,202545,20.6311,23.0977,25.8501,0.9118,1.9986,7.5136,15.9886,0.9837,0.9859,0.9873,74.7631,86.8314,97.3219
2025-11-05,3304557,202545,21.1408,25.5441,32.2971,0.0726,0.5473,2.0661,4.3787,0.9823,0.9848,0.9881,55.1274,79.6894,94.4528
2025-11-06,3304557,202545,20.5731,22.6421,24.8525,0.0001,1.2237,2.3689,9.7897,0.9839,0.9873,0.9901,69.509,82.3075,94.6683
2025-11-07,3304557,202545,19.1003,20.5727,23.3453,0.2636,0.8677,1.6882,6.9415,0.9833,0.9878,0.9904,60.696,74.9151,84.3878
2025-11-08,3304557,202545,19.6686,24.705,31.0825,0.0,0.2014,1.0029,1.611,0.9747,0.978,0.9829,59.1378,71.4344,80.812
2025-11-09,3304557,202546,19.4183,20.904,22.1266,0.5424,3.2843,4.844,26.2745,0.9834,0.9884,0.992,68.0593,77.4122,88.1951
2025-11-10,3304557,202546,17.3039,19.6761,22.4249,0.1049,0.8566,5.2205,6.853,0.9923,0.9936,0.9945,54.6791,72.6683,89.9498
2025-11-11,3304557,202546,16.6979,20.3981,24.7109,0.0,0.0368,0.2771,0.2946,0.9918,0.9935,0.995,48.9085,66.2074,85.6757
2025-11-12,3304557,202546,16.378,21.3729,28.1041,0.0,0.0007,0.0038,0.0055,0.9885,0.9912,0.9936,45.2298,66.4956,87.7928
2025-11-13,3304557,202546,17.9151,22.9107,28.7201,0.0,0.0001,0.0009,0.0009,0.9877,0.9888,0.9904,49.8751,69.3421,86.7614
2025-11-14,3304557,202546,20.6983,23.303,27.2037,0.0,0.0007,0.0019,0.0053,0.9885,0.9902,0.9912,56.898,75.5516,89.6242
2025-11-15,3304557,202546,20.5276,23.008,26.6733,0.0029,0.1292,0.7588,1.0335,0.9878,0.9903,0.9925,58.4892,78.6545,94.2184
2025-11-16,3304557,202547,20.8435,24.3273,28.6066,0.0022,0.2374,0.9132,1.899,0.984,0.9866,0.9898,57.1321,77.2,93.0193
2025-11-17,3304557,202547,22.4825,26.5263,33.1873,0.1848,1.3677,4.7362,10.9416,0.9812,0.9828,0.9852,46.7925,73.7102,90.2444
2025-11-18,3304557,202547,22.1797,25.9455,31.2386,0.0046,1.0851,7.4932,8.6811,0.9765,0.9811,0.9846,56.1694,79.4744,95.4792
2025-11-19,3304557,202547,22.0951,23.8895,25.7273,3.9307,7.9056,8.9414,63.2446,0.9784,0.9815,0.9854,57.826,78.2925,98.1356
2025-11-20,3304557,202547,19.3362,21.311,23.4848,0.0084,1.7456,8.9423,13.9646,0.9872,0.989,0.9907,57.4843,72.767,86.6917
2025-11-21,3304557,202547,17.72,22.0917,27.6156,0.0,0.1597,1.2745,1.278,0.9858,0.9889,0.9907,51.2586,68.5878,87.8981
2025-11-22,3304557,202547,20.1831,25.2284,32.8147,0.0,0.0007,0.001,0.0055,0.9837,0.9851,0.9865,38.7059,65.357,84.4179
2025-11-23,3304557,202548,21.3541,23.6902,27.4152,0.0003,0.0962,0.5468,0.7695,0.9855,0.9868,0.988,60.5219,79.5665,94.0164
2025-11-24,3304557,202548,21.1189,22.8246,25.0494,1.2082,5.0354,8.5695,40.2834,0.983,0.9863,0.9881,72.0535,85.082,94.7713
2025-11-25,3304557,202548,21.2015,22.6151,25.4436,2.854,7.6772,10.1867,61.418,0.9827,0.9844,0.9859,59.2309,79.6391,93.8459
2025-11-26,3304557,202548,19.1199,21.2679,23.8709,0.1729,1.8503,9.0359,14.8024,0.9864,0.9881,0.9892,62.7836,77.353,90.668
2025-11-27,3304557,202548,18.3692,21.3927,24.895,0.1746,0.5036,1.506,4.0285,0.9889,0.9899,0.9913,56.7109,74.6153,93.6816
2025-11-28,3304557,202548,19.5639,23.6216,28.9366,0.0009,0.2024,1.0046,1.6194,0.9836,0.9869,0.9897,52.7689,71.2227,86.8135
2025-11-29,3304557,202548,20.4343,24.2102,29.3082,0.8559,1.053,2.391,8.4243,0.982,0.9835,0.9854,56.3857,77.4191,97.9539
2025-11-30,3304557,202549,18.9749,24.6914,31.6945,0.0,0.1087,0.869,0.8699,0.9823,0.9841,0.985,32.1154,67.4462,96.2216
2025-12-01,3304557,202549,19.8776,24.8479,31.0761,0.0,0.0002,0.0004,0.0014,0.9808,0.9836,0.9855,49.3208,72.4914,92.8027
2025-12-02,3304557,202549,22.5247,25.4867,31.1277,0.0005,1.5813,10.0855,12.6506,0.9798,0.9816,0.9832,56.9668,76.5336,88.7002
2025-12-03,3304557,202549,22.3735,25.0069,28.3597,0.8042,4.2656,19.2895,34.1248,0.98,0.9818,0.9829,64.9061,82.2538,97.2387
2025-12-04,3304557,202549,22.0824,23.6301,25.7642,0.0097,0.5877,2.7481,4.7013,0.9832,0.9847,0.9862,66.4022,79.8007,92.6575
2025-12-05,3304557,202549,20.9636,23.2947,26.5163,0.1174,0.3035,0.9471,2.428,0.9861,0.9874,0.9888,56.6187,73.0146,85.3162
2025-12-06,3304557,202549,20.4172,24.3584,29.7222,0.0001,0.036,0.2845,0.2879,0.986,0.9877,0.9892,50.7948,71.0938,89.0371
2025-12-07,3304557,202550,21.1677,25.5948,31.6545,0.0,0.0062,0.0227,0.0496,0.9848,0.9865,0.9877,48.069,71.4044,90.0901
2025-12-08,3304557,202550,22.9259,26.9383,32.6076,0.0,0.1322,0.5155,1.0573,0.9828,0.9849,0.9862,48.2907,72.1348,92.1487
2025-12-09,3304557,202550,25.0945,26.3133,28.981,0.0118,0.9657,4.3346,7.7253,0.9783,0.9821,0.9847,60.6195,75.8181,84.6847
2025-12-10,3304557,202550,24.3346,28.2204,33.2802,3.2235,6.9109,8.9411,55.2873,0.9729,0.9759,0.9786,44.7394,65.6919,87.5992
2025-12-11,3304557,202550,24.9122,28.1382,32.552,0.0,0.9252,7.3856,7.4016,0.975,0.9771,0.98,45.706,59.9788,75.6569
2025-12-12,3304557,202550,22.0669,26.8976,33.1944,0.0,0.0017,0.008,0.0134,0.9796,0.981,0.9819,42.6378,64.4243,85.6589
2025-12-13,3304557,202550,24.4582,27.6395,31.7278,0.0022,0.2241,0.4593,1.7928,0.9791,0.9807,0.9821,58.6173,70.2501,83.9842
2025-12-14,3304557,202551,24.6578,27.3099,29.2265,0.1408,0.8891,2.1713,7.1124,0.9809,0.982,0.9834,62.8335,73.4362,89.3128
2025-12-15,3304557,202551,23.9374,27.0563,32.3552,1.146,3.2392,6.6091,25.9135,0.9807,0.982,0.9836,54.9646,78.6065,94.7566
2025-12-16,3304557,202551,25.0934,28.6337,33.5179,0.0248,1.0669,6.7284,8.5348,0.9782,0.9803,0.9825,50.5546,71.3856,87.6943
2025-12-17,3304557,202551,20.4401,23.1975,27.0389,0.3702,12.1384,24.1357,97.1071,0.9817,0.9855,0.9886,75.7088,85.3272,93.5893
2025-12-18,3304557,202551,20.7282,21.8045,23.8528,0.2617,4.1864,25.0859,33.4913,0.9872,0.9883,0.9893,69.0861,80.4381,88.874
2025-12-19,3304557,202551,19.7653,22.0922,25.5512,0.9478,6.7733,9.9367,54.1862,0.9864,0.9877,0.9892,71.2314,85.542,94.4377
2025-12-20,3304557,202551,22.37,24.2423,26.8844,0.0444,1.5054,9.9878,12.043,0.9869,0.988,0.9891,72.3897,81.5797,91.0171
2025-12-21,3304557,202552,21.67,25.1531,29.3982,0.0029,0.1581,0.9023,1.2649,0.9859,0.9879,0.9897,55.5561,76.3968,95.5485
2025-12-22,3304557,202552,21.0082,25.8361,31.4796,0.0,0.017,0.1353,0.136,0.9838,0.9867,0.9882,42.0544,68.2566,89.4009
2025-12-23,3304557,202552,22.1289,27.4115,33.2913,0.0,0.0004,0.0014,0.003,0.9838,0.9857,0.9873,39.8138,65.0019,85.3774
2025-12-24,3304557,202552,23.8177,28.8972,34.2291,0.0,0.0002,0.0012,0.0012,0.9828,0.9844,0.9853,39.8352,62.5632,83.1006
2025-12-25,3304557,202552,23.9934,29.7112,35.3869,0.0,0.0028,0.0227,0.0227,0.9827,0.9839,0.9852,34.8832,61.7574,88.8916
2025-12-26,3304557,202552,24.7398,29.7809,35.1841,0.0,0.2188,0.8557,1.7501,0.9831,0.984,0.9854,42.5063,62.7602,86.323
2025-12-27,3304557,202552,25.107,29.2896,34.0052,0.0,0.1077,0.8557,0.8613,0.9838,0.9851,0.9867,41.4994,61.9611,83.7134
2025-12-28,3304557,202553,24.1393,29.0164,34.8964,0.0,0.0016,0.0049,0.0128,0.9823,0.9836,0.9852,43.367,64.1688,86.6082
2025-12-29,3304557,202553,24.5956,28.7266,34.2436,0.0,0.0022,0.0088,0.0177,0.9827,0.9832,0.9839,40.3464,62.1692,84.277
2025-12-30,3304557,202553,25.4612,28.8087,34.0966,0.0,0.2334,0.8592,1.8675,0.9826,0.9842,0.9851,47.4756,63.3825,78.6406
2025-12-31,3304557,202553,25.7977,29.8056,35.1358,0.0639,0.4437,1.1141,3.55,0.9825,0.9843,0.9855,48.068,64.3989,80.1082
2026-01-01,3304557,202553,26.7019,29.3722,32.0009,0.0,1.4809,4.2581,11.8471,0.9798,0.9823,0.9842,54.5843,70.5461,84.3901
2026-01-02,3304557,202553,26.3554,27.6868,29.8341,0.0999,3.6193,6.8452,28.9547,0.9776,0.9796,0.9815,60.4919,76.2835,87.4336
2026-01-03,3304557,202553,24.6676,26.699,29.7011,2.245,7.5573,12.9232,60.4584,0.9783,0.9793,0.9802,67.1499,82.3418,92.1488
2026-01-04,3304557,202601,23.0722,25.4993,27.0601,0.0123,3.4119,12.9312,27.2955,0.9798,0.9826,0.9864,74.6272,84.2359,91.5626
2026-01-05,3304557,202601,21.3204,22.6634,24.5666,0.9121,3.3122,9.7274,26.4978,0.9875,0.9892,0.9905,61.8384,76.9963,89.3571
2026-01-06,3304557,202601,21.3293,23.1682,26.2509,0.0033,0.4607,3.0124,3.6854,0.9897,0.9909,0.9918,55.5267,67.8512,74.2958
2026-01-07,3304557,202601,21.4187,23.9562,27.0015,0.0013,0.4391,1.5758,3.513,0.9882,0.9898,0.9911,65.8239,79.2917,89.9268
2026-01-08,3304557,202601,22.8062,26.8498,33.0868,0.0,0.1981,1.5787,1.585,0.9866,0.9881,0.9891,41.9264,72.0404,92.6551
2026-01-09,3304557,202601,22.8612,28.0419,33.0322,0.0,0.0217,0.0918,0.1734,0.9865,0.9879,0.9893,44.381,68.8145,92.9305
2026-01-10,3304557,202601,23.5292,28.7733,34.5304,0.0,0.0116,0.0918,0.0926,0.9832,0.987,0.9888,36.6603,64.7047,89.1651
2026-01-11,3304557,202602,22.5348,29.2079,36.2461,0.0,0.0001,0.0004,0.0006,0.9824,0.9848,0.9864,26.1318,54.1833,81.661
2026-01-12,3304557,202602,23.6403,30.0253,36.7425,0.0,0.0001,0.0004,0.0004,0.9828,0.9841,0.9858,26.5904,53.3841,79.3683
2026-01-13,3304557,202602,24.5372,29.3898,35.3603,0.0,0.0841,0.456,0.6731,0.9845,0.9858,0.9873,33.6702,60.8893,83.5083
2026-01-14,3304557,202602,24.7899,28.379,32.6706,0.0002,0.7848,4.8629,6.2781,0.9864,0.9878,0.9891,47.4902,67.5982,84.7569
2026-01-15,3304557,202602,24.6784,28.1764,32.475,0.003,0.8149,5.9492,6.5194,0.987,0.9881,0.9896,42.8483,66.8816,86.1775
2026-01-16,3304557,202602,23.9677,27.6215,31.0612,0.0455,0.1982,0.358,1.5852,0.9853,0.9882,0.9898,47.4681,62.3392,80.9747
2026-01-17,3304557,202602,24.2275,28.3739,33.4474,0.0,0.183,1.2193,1.4639,0.9825,0.985,0.9869,39.1801,62.8597,80.7278
2026-01-18,3304557,202603,24.6638,27.4371,30.3632,0.0206,0.4549,1.3746,3.6393,0.98,0.9828,0.9844,51.2679,67.1334,83.8874
2026-01-19,3304557,202603,24.679,27.4367,32.1871,0.0,0.7942,5.082,6.3534,0.9773,0.9797,0.981,47.931,63.7414,80.5635
2026-01-20,3304557,202603,22.2295,23.2487,24.0151,8.3672,19.8483,26.5709,158.7861,0.9807,0.9845,0.9875,68.3632,81.3835,93.177
2026-01-21,3304557,202603,20.6164,22.1395,24.6118,1.8575,7.0345,27.3474,56.2762,0.9871,0.9883,0.9891,61.4346,76.858,87.8598
2026-01-22,3304557,202603,19.8688,21.2176,22.5001,0.1342,3.2423,9.2128,25.9387,0.9873,0.9887,0.9899,78.4663,86.2016,92.7066
2026-01-23,3304557,202603,20.9273,21.87,23.1759,2.2591,11.8511,27.777,94.8085,0.9869,0.9882,0.9893,81.2981,88.7143,94.2409
2026-01-24,3304557,202603,20.3961,22.2076,23.8425,1.0025,7.771,29.26,62.1679,0.987,0.9886,0.9897,79.553,89.3469,96.3211
2026-01-25,3304557,202604,21.6384,23.4726,27.2254,3.0962,11.5325,20.3671,92.2603,0.9888,0.9898,0.9912,74.3905,90.9828,97.2355
2026-01-26,3304557,202604,21.7535,24.6242,29.4151,9.7932,16.2688,27.2665,130.15,0.9889,0.99,0.991,68.104,86.2433,96.4894
2026-01-27,3304557,202604,22.3566,25.6942,29.5326,0.0261,3.2366,21.1927,25.8928,0.9879,0.9894,0.9907,61.851,80.8472,95.7171
2026-01-28,3304557,202604,22.4853,26.1614,30.4501,0.004,0.5815,3.914,4.652,0.9866,0.9883,0.9898,57.4188,77.2556,94.2672
2026-01-29,3304557,202604,23.0682,26.952,31.6033,0.0,0.4031,1.7636,3.2247,0.9848,0.9865,0.9878,52.867,72.9879,88.0364
2026-01-30,3304557,202604,23.4,25.0761,26.0843,0.0172,3.2602,13.1417,26.0816,0.9816,0.9837,0.986,79.3085,83.8512,89.691
2026-01-31,3304557,202604,22.2911,25.4087,29.1287,0.9548,4.1276,20.0217,33.0207,0.979,0.9811,0.9823,67.0314,83.4116,95.562
2026-02-01,3304557,202605,22.6945,27.5226,33.9063,0.0,0.6978,4.1934,5.5825,0.9772,0.9802,0.9823,50.7479,75.534,94.9183
2026-02-02,3304557,202605,23.9742,27.0049,30.7462,0.488,1.5807,4.3703,12.6459,0.9802,0.9816,0.9828,62.7247,81.4258,95.0171
2026-02-03,3304557,202605,24.4182,26.6157,30.8109,2.4621,6.81,22.8628,54.4802,0.9809,0.9827,0.9838,66.2134,84.1648,94.5077
2026-02-04,3304557,202605,24.2671,26.9636,31.2359,2.3768,7.0469,24.5041,56.3755,0.9808,0.982,0.9834,62.9666,83.1423,97.0925
2026-02-05,3304557,202605,24.2677,25.7267,27.7205,3.4724,10.7675,18.127,86.1403,0.9827,0.9836,0.9845,76.4227,88.2674,95.8253
2026-02-06,3304557,202605,23.5667,24.8522,26.1427,2.8656,13.5504,25.0019,108.4036,0.9839,0.9849,0.9864,81.643,91.3571,95.5268
2026-02-07,3304557,202605,23.7468,25.7683,29.6157,0.4476,7.6191,25.3353,60.9525,0.9841,0.9852,0.9866,71.7439,87.9876,95.2675
2026-02-08,3304557,202606,23.3644,24.1682,25.5547,7.2542,19.9678,31.1806,159.7421,0.9839,0.9861,0.9874,71.9744,88.1344,95.613
2026-02-09,3304557,202606,22.5115,23.2811,24.0575,2.2295,11.7079,32.5678,93.6634,0.9856,0.9867,0.9875,77.7807,87.535,93.8223
2026-02-10,3304557,202606,22.2681,24.3305,27.4444,2.0316,7.7096,20.8227,61.6771,0.9861,0.9872,0.9883,73.0013,87.2702,96.2014
2026-02-11,3304557,202606,23.6474,26.3729,30.0639,0.2633,1.6601,7.8207,13.2807,0.9859,0.987,0.9881,66.7744,81.3435,92.6524
2026-02-12,3304557,202606,23.9862,27.5276,32.6057,0.0001,0.4068,2.6098,3.2546,0.9866,0.9879,0.9893,55.7786,76.3506,90.5203
2026-02-13,3304557,202606,22.6621,27.8306,33.2784,0.0,0.0755,0.6009,0.6039,0.9859,0.9886,0.9908,46.4175,72.1726,90.3895
