data_iniSE,SE,casos_est,casos_est_min,casos_est_max,casos,municipio_geocodigo,p_rt1,p_inc100k,Localidade_id,nivel,id,versao_modelo,Rt,municipio_nome,pop,tempmin,umidmax,receptivo,transmissao,nivel_inc,umidmed,umidmin,tempmed,tempmax,casprov,casprov_est,casprov_est_min,casprov_est_max,casconf
2019-12-01,201949,3.0,3,3,3,4209102,0.56152505,0.5019593,0,2,420910220194919590,2023-08-21,1.1285723,Joinville,597658.0,19.5714285714286,90.9839951428571,1,0,0,84.6527385714286,78.733221,20.8285714285714,21.5714285714286,0,,,,
2019-12-08,201950,1.0,1,1,1,4209102,0.123132035,0.16731977,0,2,420910220195019590,2023-08-21,0.33093715,Joinville,597658.0,21.0,93.3658442857143,1,0,0,88.9623257142857,82.9549714285714,21.974603,23.0,1,,,,
2019-12-15,201951,1.0,1,1,1,4209102,0.167015,0.16731977,0,2,420910220195119590,2023-08-21,0.3873041,Joinville,597658.0,21.0,97.48004,1,0,0,94.5735242857143,90.9435457142857,21.6428571428571,22.1428571428571,0,,,,
2019-12-22,201952,0.0,0,0,0,4209102,0.0,0.0,0,1,420910220195219590,2023-08-21,0.0,Joinville,597658.0,21.5714285714286,94.1301471428571,0,0,0,87.3726128571429,81.3843681428571,23.3571428571429,24.5714285714286,0,,,,
2019-12-29,202001,2.0,2,2,2,4209102,0.7692239,0.33463955,0,1,420910220200119590,2023-08-21,2.1531599,Joinville,597658.0,22.1666666666667,98.042255,1,0,0,86.1531108333333,74.6016748333333,24.449074,27.0,2,,,,
2020-01-05,202002,4.0,4,4,4,4209102,0.93654877,0.6692791,0,1,420910220200219590,2023-08-21,3.9615693,Joinville,597658.0,22.2857142857143,100.0,1,0,0,83.45987,67.167763,26.9047625714286,31.1428571428571,2,,,,
2020-01-12,202003,4.0,4,4,4,4209102,0.806532,0.6692791,0,2,420910220200319590,2023-08-21,1.9602447,Joinville,597658.0,20.4285714285714,97.4421842857143,1,0,0,76.3131028571429,57.5086964285714,25.2297408571429,28.7142857142857,0,,,,
2020-01-19,202004,5.0,5,5,5,4209102,0.73050994,0.8365989,0,2,420910220200419590,2023-08-21,1.5050638,Joinville,597658.0,19.8571428571429,99.1328242857143,1,0,0,80.768472,66.3933861428571,23.968254,27.1428571428571,3,,,,
2020-01-26,202005,5.0,5,5,5,4209102,0.6155774,0.8365989,0,2,420910220200519590,2023-08-21,1.2043614,Joinville,597658.0,22.2857142857143,97.5103678571429,1,0,0,82.9873758571429,66.1869675714286,26.634503,30.5714285714286,4,,,,
2020-02-02,202006,17.0,17,17,17,4209102,0.99521196,2.8444362,0,2,420910220200619590,2023-08-21,3.1984205,Joinville,597658.0,23.0,96.6624185714286,1,0,0,91.1640542857143,86.1125021428571,24.3594104285714,25.5714285714286,12,,,,
2020-02-09,202007,56.0,56,56,56,4209102,1.0,9.369907,0,2,420910220200719590,2023-08-21,5.2952476,Joinville,597658.0,20.4285714285714,94.1091085714286,1,1,1,91.8221114285714,89.3000228571429,21.4833334285714,22.0,46,,,,
2020-02-16,202008,80.0,80,80,80,4209102,0.99999994,13.385582,0,3,420910220200819590,2023-08-21,3.059305,Joinville,597658.0,22.8571428571429,96.6431921428571,1,1,1,89.7591465714286,84.2635048571429,24.5714285714286,25.7142857142857,60,,,,
2020-02-23,202009,81.0,81,81,81,4209102,0.996349,13.552901,0,3,420910220200919590,2023-08-21,1.6046642,Joinville,597658.0,18.0,93.9698971428571,0,1,1,87.4897957142857,79.8549757142857,20.5619048571429,22.4285714285714,67,,,,
2020-03-01,202010,226.0,226,226,226,4209102,1.0,37.81427,0,3,420910220201019590,2023-08-21,2.8897295,Joinville,597658.0,18.2857142857143,100.0,1,1,1,90.226088,79.3515857142857,21.0827662857143,23.5714285714286,199,,,,
2020-03-08,202011,254.0,254,254,254,4209102,1.0,42.49922,0,3,420910220201119590,2023-08-21,2.0621808,Joinville,597658.0,19.0,100.0,1,1,1,89.4558842857143,79.7335871428571,21.8785714285714,24.2857142857143,226,,,,
2020-03-15,202012,228.0,228,228,228,4209102,0.9749701,38.148907,0,3,420910220201219590,2023-08-21,1.2121159,Joinville,597658.0,21.7142857142857,100.0,1,1,1,81.9252898571429,65.3983635714286,25.7413548571429,29.1428571428571,207,,,,
2020-03-22,202013,384.0,384,384,384,4209102,1.0,64.25079,0,3,420910220201319590,2023-08-21,1.6226226,Joinville,597658.0,19.1428571428571,100.0,1,1,1,77.0885178571429,57.2084242857143,24.0,28.0,346,,,,
2020-03-29,202014,536.0,536,536,536,4209102,1.0,89.683395,0,3,420910220201419590,2023-08-21,1.8685917,Joinville,597658.0,21.1428571428571,88.8159615714286,1,1,2,70.7228918571429,56.345476,25.6984127142857,28.8571428571429,497,,,,
2020-04-05,202015,809.0,809,809,809,4209102,1.0,135.3617,0,3,420910220201519590,2023-08-21,2.0405362,Joinville,597658.0,19.5714285714286,85.5430685714286,1,1,2,68.5118241428572,57.0563544285714,22.9285714285714,25.2857142857143,726,,,,
2020-04-12,202016,973.0,973,973,973,4209102,1.0,162.80214,0,4,420910220201619590,2023-08-21,1.7115115,Joinville,597658.0,18.4285714285714,83.3614238571429,1,1,2,60.7913091428571,46.241628,23.0238097142857,26.2857142857143,799,,,,
2020-04-19,202017,1122.0,1122,1122,1122,4209102,1.0,187.73279,0,4,420910220201719590,2023-08-21,1.4567015,Joinville,597658.0,19.4285714285714,90.1545248571429,1,1,2,72.7307071428571,60.7139848571429,23.7499997142857,26.4285714285714,828,,,,
2020-04-26,202018,1098.0,1098,1098,1098,4209102,0.99963593,183.7171,0,4,420910220201819590,2023-08-21,1.1614497,Joinville,597658.0,20.7142857142857,95.7853528571429,1,1,2,79.6282115714286,67.1997757142857,24.0119048571429,26.7142857142857,783,,,,
2020-05-03,202019,1265.0,1265,1265,1265,4209102,0.9999859,211.65952,0,4,420910220201919590,2023-08-21,1.1898725,Joinville,597658.0,15.5714285714286,94.7938971428571,0,1,2,72.1975124285714,56.5086892857143,20.7009802857143,24.0,853,,,,
2020-05-10,202020,1068.0,1068,1068,1068,4209102,0.09480072,178.69751,0,4,420910220202019590,2023-08-21,0.94557124,Joinville,597658.0,17.2857142857143,95.0016662857143,0,0,2,76.3358537142857,62.9525068571429,21.4761908571429,24.2857142857143,688,,,,
2020-05-17,202021,977.0,977,977,977,4209102,0.00011600345,163.47142,0,4,420910220202119590,2023-08-21,0.8521447,Joinville,597658.0,17.8571428571429,94.9850742857143,0,0,2,71.358245,54.2431015714286,22.654762,26.0,647,,,,
2020-05-24,202022,768.0,768,768,768,4209102,4.1233683e-13,128.50159,0,4,420910220202219590,2023-08-21,0.7148044,Joinville,597658.0,14.7142857142857,83.1327228571429,0,0,2,58.3568525714286,42.6390261428571,20.5119048571429,24.4285714285714,548,,,,
2020-05-31,202023,559.0,559,559,559,4209102,0.0,93.53175,0,4,420910220202319590,2023-08-21,0.59625256,Joinville,597658.0,15.7142857142857,98.21977,0,0,2,88.0370177142857,77.7355421428571,18.6547618571429,20.5714285714286,345,,,,
2020-06-07,202024,454.0,454,454,454,4209102,0.0,75.96317,0,4,420910220202419590,2023-08-21,0.5927018,Joinville,597658.0,17.8571428571429,98.25244,0,0,2,85.0831551428571,70.6346491428571,21.3690474285714,23.8571428571429,224,,,,
2020-06-14,202025,431.0,431,431,431,4209102,6.955627e-08,72.11482,0,4,420910220202519590,2023-08-21,0.7187881,Joinville,597658.0,17.1428571428571,96.4914471428571,0,0,1,80.5999878571428,68.8984758571429,20.9801588571429,23.4285714285714,230,,,,
2020-06-21,202026,374.0,374,374,374,4209102,5.8536472e-05,62.577595,0,1,420910220202619590,2023-08-21,0.7682776,Joinville,597658.0,16.2857142857143,96.5113405714286,0,0,1,79.2284341428571,66.1365491428571,20.3051951428571,23.2857142857143,181,,,,
2020-06-28,202027,242.0,242,242,242,4209102,2.0465851e-12,40.491386,0,1,420910220202719590,2023-08-21,0.57745725,Joinville,597658.0,13.0,85.945646,0,0,1,69.3920125714286,54.6896615714286,16.8556787142857,20.1428571428571,125,,,,
2020-07-05,202028,209.0,209,209,209,4209102,8.9012975e-10,34.969833,0,1,420910220202819590,2023-08-21,0.5964129,Joinville,597658.0,14.7142857142857,95.8206285714286,0,0,1,80.6456228571429,68.5116552857143,18.2205628571429,20.4285714285714,55,,,,
2020-07-12,202029,152.0,152,152,152,4209102,2.6296412e-09,25.432606,0,1,420910220202919590,2023-08-21,0.560518,Joinville,597658.0,15.0,93.9293257142857,0,0,1,84.0707494285714,76.6243114285714,17.6612554285714,19.2857142857143,17,,,,
2020-07-19,202030,129.0,129,129,129,4209102,7.752294e-06,21.584251,0,1,420910220203019590,2023-08-21,0.6206561,Joinville,597658.0,17.1428571428571,95.7886922857143,0,0,1,75.0078635714286,59.7033075714286,22.0480517142857,25.4285714285714,15,,,,
2020-07-26,202031,71.0,71,71,71,4209102,9.812767e-10,11.8797035,0,1,420910220203119590,2023-08-21,0.44088322,Joinville,597658.0,13.8571428571429,96.409652,0,0,1,82.4820541428571,73.1077395714286,16.7920248571429,18.8571428571429,8,,,,
2020-08-02,202032,54.0,54,54,54,4209102,1.4720612e-07,9.035268,0,1,420910220203219590,2023-08-21,0.44722033,Joinville,597658.0,15.2857142857143,97.3461334285714,0,0,1,75.9553944285714,58.8265017142857,20.4314017142857,23.4285714285714,4,,,,
2020-08-09,202033,45.0,45,45,45,4209102,0.00024351676,7.52939,0,1,420910220203319590,2023-08-21,0.5344357,Joinville,597658.0,16.5714285714286,95.7927928571429,0,0,1,83.0256574285714,71.4915304285714,19.6953338571429,22.2857142857143,1,,,,
2020-08-16,202034,27.0,27,27,27,4209102,0.0002446703,4.517634,0,1,420910220203419590,2023-08-21,0.4596836,Joinville,597658.0,12.7142857142857,97.3552028571429,0,0,1,84.5268541428571,71.646078,15.2929567142857,17.0,3,,,,
2020-08-23,202035,25.0,25,25,25,4209102,0.01238705,4.1829944,0,1,420910220203519590,2023-08-21,0.5770004,Joinville,597658.0,12.1428571428571,99.0997914285714,0,0,0,76.2327472857143,63.064347,18.829456,22.2857142857143,3,,,,
2020-08-30,202036,12.0,12,12,12,4209102,0.0011266951,2.0078373,0,1,420910220203619590,2023-08-21,0.37968737,Joinville,597658.0,17.4285714285714,95.8420971428571,0,0,0,88.4593814285714,79.6604757142857,19.1865907142857,21.1428571428571,0,,,,
2020-09-06,202037,24.0,24,24,24,4209102,0.5359209,4.0156746,0,1,420910220203719590,2023-08-21,1.0263075,Joinville,597658.0,17.7142857142857,100.0,0,0,0,87.0537608571429,76.6725802857143,21.1568552857143,23.8571428571429,1,,,,
2020-09-13,202038,16.0,16,16,16,4209102,0.29402167,2.6771164,0,1,420910220203819590,2023-08-21,0.8345395,Joinville,597658.0,17.1428571428571,98.2499085714286,0,0,0,82.9608578571429,65.963009,20.6607602857143,24.5714285714286,0,,,,
2020-09-20,202039,28.0,28,28,28,4209102,0.8986679,4.6849537,0,1,420910220203919590,2023-08-21,1.4479953,Joinville,597658.0,14.8571428571429,95.0164728571429,0,0,1,79.0574218571429,62.3212127142857,18.3953661428571,22.1428571428571,2,,,,
2020-09-27,202040,18.0,18,18,18,4209102,0.33037493,3.011756,0,1,420910220204019590,2023-08-21,0.8695753,Joinville,597658.0,19.1428571428571,98.2719005714286,1,0,0,85.6414055714286,71.3291927142857,22.1266337142857,26.1428571428571,1,,,,
2020-10-04,202041,13.0,13,13,13,4209102,0.071410015,2.175157,0,1,420910220204119590,2023-08-21,0.6060148,Joinville,597658.0,17.7142857142857,100.0,0,0,0,90.9676074285714,79.1126547142857,20.1324111428571,22.1428571428571,0,,,,
2020-10-11,202042,16.0,16,16,16,4209102,0.30739036,2.6771164,0,1,420910220204219590,2023-08-21,0.8448854,Joinville,597658.0,16.0,98.21977,0,0,0,77.9847042857143,63.0055314285714,20.7688488571429,23.8571428571429,2,,,,
2020-10-18,202043,19.0,19,19,19,4209102,0.694641,3.1790757,0,1,420910220204319590,2023-08-21,1.1856498,Joinville,597658.0,19.2857142857143,98.2910742857143,1,0,0,82.3629534285714,69.6456655714286,23.1210315714286,26.0,1,,,,
2020-10-25,202044,16.0,16,16,16,4209102,0.4937142,2.6771164,0,1,420910220204419590,2023-08-21,0.9945238,Joinville,597658.0,18.2857142857143,98.3242914285714,1,0,0,75.7056545714286,57.5155108571429,23.1051585714286,26.7142857142857,1,,,,
2020-11-01,202045,20.0,20,20,20,4209102,0.6795807,3.3463955,0,1,420910220204519590,2023-08-21,1.163588,Joinville,597658.0,14.0,98.1858442857143,0,0,0,71.2323467142857,54.1049867142857,19.8640871428571,23.5714285714286,1,,,,
2020-11-08,202046,20.0,20,20,20,4209102,0.63979185,3.3463955,0,1,420910220204619590,2023-08-21,1.1221031,Joinville,597658.0,19.7142857142857,99.1517885714286,1,0,0,84.8898992857143,71.3425887142857,23.4207264285714,26.4285714285714,0,,,,
2020-11-15,202047,36.0,36,36,36,4209102,0.986522,6.023512,0,1,420910220204719590,2023-08-21,1.8244503,Joinville,597658.0,19.0,98.31222,1,1,1,83.2209737142857,65.8640961428571,21.9660947142857,25.2857142857143,3,,,,
2020-11-22,202048,33.0,33,33,33,4209102,0.8781221,5.5215526,0,2,420910220204819590,2023-08-21,1.3602005,Joinville,597658.0,21.2857142857143,97.4489785714286,1,0,1,80.8408528571428,67.8779225714286,24.6948877142857,27.1428571428571,0,,,,
2020-11-29,202049,49.0,49,49,49,4209102,0.9790121,8.1986685,0,2,420910220204919590,2023-08-21,1.581399,Joinville,597658.0,21.1285714285714,,1,1,1,,,,,0,,,,
2020-12-06,202050,43.0,43,43,43,4209102,0.74164504,7.1947503,0,2,420910220205019590,2023-08-21,1.1551425,Joinville,597658.0,20.9714285714286,,1,0,1,,,,,2,,,,
2020-12-13,202051,26.0,26,26,26,4209102,0.029144447,4.350314,0,2,420910220205119590,2023-08-21,0.6283726,Joinville,597658.0,20.8142857142857,,1,0,1,,,,,2,,,,
2020-12-20,202052,10.0,10,10,10,4209102,1.3826133e-05,1.6731977,0,2,420910220205219590,2023-08-21,0.26464698,Joinville,597658.0,20.6571428571429,,1,0,0,,,,,1,,,,
2020-12-27,202053,23.0,23,23,23,4209102,0.27327806,3.8483548,0,2,420910220205319590,2023-08-21,0.8444893,Joinville,597658.0,20.5,100.0,1,0,0,90.621012,78.9369275,22.3888895,25.0,0,,,,
2021-01-03,202101,30.0,30,30,30,4209102,0.98412377,5.0195932,0,2,420910220210119685,2023-11-24,1.9066924,Joinville,597658.0,21.5714285714286,100.0,1,0,0,81.8423958571429,61.110328,26.1690012857143,30.8571428571429,1,,,,
2021-01-10,202102,60.0,60,60,60,4209102,0.99999964,10.0391865,0,2,420910220210219685,2023-11-24,3.3784502,Joinville,597658.0,23.0,100.0,1,1,1,88.6393685714286,76.0780821428571,25.9057534285714,28.7142857142857,8,,,,
2021-01-17,202103,60.0,60,60,60,4209102,0.99810016,10.0391865,0,3,420910220210319685,2023-11-24,1.8460507,Joinville,597658.0,21.1428571428571,100.0,1,1,1,92.3925378571429,80.591204,23.6309527142857,26.0,19,,,,
2021-01-24,202104,71.0,71,71,71,4209102,0.9721251,11.8797035,0,3,420910220210419685,2023-11-24,1.4178352,Joinville,597658.0,22.5714285714286,100.0,1,1,1,92.41349,79.2283395714286,25.2222221428571,28.4285714285714,24,,,,
2021-01-31,202105,84.0,84,84,84,4209102,0.9674578,14.054861,0,3,420910220210519685,2023-11-24,1.3585463,Joinville,597658.0,22.7142857142857,99.1517885714286,1,1,1,79.0556685714286,61.5701401428571,27.2511671428571,30.7142857142857,28,,,,
2021-02-07,202106,105.0,105,105,105,4209102,0.9933584,17.568577,0,3,420910220210619685,2023-11-24,1.4540646,Joinville,597658.0,19.8571428571429,98.3362385714286,1,1,1,81.5972108571429,64.4509712857143,23.8818855714286,27.2857142857143,31,,,,
2021-02-14,202107,118.0,118,118,118,4209102,0.9878189,19.743732,0,3,420910220210719685,2023-11-24,1.3724388,Joinville,597658.0,20.4285714285714,99.1579742857143,1,1,1,79.739583,60.1009575714286,25.3255135714286,29.7142857142857,41,,,,
2021-02-21,202108,196.0,196,196,196,4209102,0.99999994,32.794674,0,3,420910220210819685,2023-11-24,1.8585845,Joinville,597658.0,22.0,98.3713357142857,1,1,1,86.7019532857143,75.7315911428571,24.3529307142857,26.5714285714286,88,,,,
2021-02-28,202109,279.0,279,279,279,4209102,1.0,46.682217,0,3,420910220210919685,2023-11-24,1.9952817,Joinville,597658.0,21.4285714285714,100.0,1,1,1,93.4892255714286,82.7703902857143,23.4197881428571,25.8571428571429,137,,,,
2021-03-07,202110,454.0,454,454,454,4209102,1.0,75.96317,0,3,420910220211019685,2023-11-24,2.2166033,Joinville,597658.0,20.0,100.0,1,1,2,84.2848571428571,70.5069168571429,23.8888891428571,27.1428571428571,249,,,,
2021-03-14,202111,745.0,745,745,745,4209102,1.0,124.65323,0,3,420910220211119685,2023-11-24,2.3601584,Joinville,597658.0,21.7142857142857,100.0,1,1,2,89.0695371428571,75.8549731428571,25.0809994285714,27.8571428571429,427,,,,
2021-03-21,202112,1014.0,1014,1014,1014,4209102,1.0,169.66225,0,4,420910220211219685,2023-11-24,2.0494618,Joinville,597658.0,22.0,100.0,1,1,2,87.7994477142857,70.90999,25.4841271428571,29.1428571428571,550,,,,
2021-03-28,202113,1412.0,1412,1412,1412,4209102,1.0,236.25552,0,4,420910220211319685,2023-11-24,1.8962989,Joinville,597658.0,19.0,99.1328242857143,1,1,2,81.8484792857143,61.8734761428571,23.303258,27.0,1004,,,,
2021-04-04,202114,1577.0,1577,1577,1577,4209102,1.0,263.86328,0,4,420910220211419685,2023-11-24,1.5201805,Joinville,597658.0,18.7142857142857,100.0,1,1,2,87.2494105714286,70.4707591428571,22.9240365714286,26.7142857142857,1200,,,,
2021-04-11,202115,1614.0,1614,1614,1614,4209102,1.0,270.0541,0,4,420910220211519685,2023-11-24,1.2230358,Joinville,597658.0,19.5714285714286,99.1517885714286,1,1,2,82.9826894285714,65.5418267142857,23.0665447142857,26.4285714285714,1236,,,,
2021-04-18,202116,2287.0,2287,2287,2287,4209102,1.0,382.6603,0,4,420910220211619685,2023-11-24,1.482252,Joinville,597658.0,17.4285714285714,100.0,0,1,2,89.567513,72.9976521428571,20.730159,23.7142857142857,1837,,,,
2021-04-25,202117,2059.0,2059,2059,2059,4209102,0.9999984,344.5114,0,4,420910220211719685,2023-11-24,1.1627089,Joinville,597658.0,16.4285714285714,100.0,0,1,2,80.2946495714286,58.2114651428571,21.0985061428571,24.7142857142857,1796,,,,
2021-05-02,202118,2064.0,2064,2064,2064,4209102,0.8261385,345.34802,0,4,420910220211819685,2023-11-24,1.0298809,Joinville,597658.0,16.7142857142857,99.11983,0,0,2,83.6654128571429,67.3760687142857,20.6819448571429,24.2857142857143,1673,,,,
2021-05-09,202119,1869.0,1869,1869,1869,4209102,0.0006983014,312.72064,0,4,420910220211919685,2023-11-24,0.9031312,Joinville,597658.0,15.0,100.0,0,0,2,87.9540171428571,72.5964968571429,18.5752094285714,21.5714285714286,1538,,,,
2021-05-16,202120,1470.0,1470,1470,1470,4209102,0.0,245.96007,0,4,420910220212019685,2023-11-24,0.7408945,Joinville,597658.0,16.5714285714286,95.7291557142857,0,0,2,81.0318328571429,64.2700818571429,20.6112155714286,23.7142857142857,1155,,,,
2021-05-23,202121,1467.0,1467,1467,1467,4209102,2.3660554e-09,245.4581,0,4,420910220212119685,2023-11-24,0.81433326,Joinville,597658.0,13.1428571428571,97.3568628571429,0,0,2,74.0890958571429,56.4186041428571,19.1904761428571,23.2857142857143,1195,,,,
2021-05-30,202122,982.0,982,982,982,4209102,0.0,164.30801,0,4,420910220212219685,2023-11-24,0.6264554,Joinville,597658.0,15.8571428571429,100.0,0,0,2,88.949025,74.9452042857143,19.3707487142857,22.4285714285714,669,,,,
2021-06-06,202123,894.0,894,894,894,4209102,0.0,149.58388,0,4,420910220212319685,2023-11-24,0.6685792,Joinville,597658.0,16.2857142857143,99.1263634285714,0,0,2,84.6287584285714,65.6575602857143,19.7910712857143,22.8571428571429,576,,,,
2021-06-13,202124,612.0,612,612,612,4209102,0.0,102.3997,0,4,420910220212419685,2023-11-24,0.5645622,Joinville,597658.0,12.8571428571429,98.2499085714286,0,0,2,87.8083168571429,77.9909671428571,15.5081635714286,17.5714285714286,383,,,,
2021-06-20,202125,452.0,452,452,452,4209102,0.0,75.62854,0,4,420910220212519685,2023-11-24,0.53006077,Joinville,597658.0,14.7142857142857,100.0,0,0,2,89.246487,73.2028357142857,18.265986,21.0,193,,,,
2021-06-27,202126,326.0,326,326,326,4209102,0.0,54.546246,0,4,420910220212619685,2023-11-24,0.50373435,Joinville,597658.0,9.71428571428571,97.2816677142857,0,0,2,77.4123437142857,60.5140478571429,15.3233908571429,19.8571428571429,101,,,,
2021-07-04,202127,284.0,284,284,284,4209102,1.3894441e-12,47.518814,0,4,420910220212719685,2023-11-24,0.5973384,Joinville,597658.0,13.0,100.0,0,0,1,87.0613965714286,69.9672621428571,17.0680274285714,20.2857142857143,45,,,,
2021-07-11,202128,235.0,235,235,235,4209102,1.9686176e-07,39.320145,0,1,420910220212819685,2023-11-24,0.65647656,Joinville,597658.0,14.7142857142857,99.1065457142857,0,0,1,88.557472,75.7669825714286,18.3108511428571,21.4285714285714,34,,,,
2021-07-18,202129,213.0,213,213,213,4209102,0.0004028406,35.63911,0,1,420910220212919685,2023-11-24,0.7401421,Joinville,597658.0,9.71428571428571,96.3556542857143,0,0,1,63.1788467142857,40.8973537142857,16.2557821428571,20.7142857142857,14,,,,
2021-07-25,202130,154.0,154,154,154,4209102,4.373243e-06,25.767244,0,1,420910220213019685,2023-11-24,0.6363295,Joinville,597658.0,8.85714285714286,95.4668642857143,0,0,1,69.3827028571429,51.183505,14.9234432857143,19.4285714285714,9,,,,
2021-08-01,202131,149.0,149,149,149,4209102,0.0016617599,24.930647,0,1,420910220213119685,2023-11-24,0.7304437,Joinville,597658.0,14.2857142857143,97.3459848571429,0,0,1,83.34379,70.4717652857143,17.4747251428571,19.8571428571429,11,,,,
2021-08-08,202132,126.0,126,126,126,4209102,0.0052894005,21.08229,0,1,420910220213219685,2023-11-24,0.7419437,Joinville,597658.0,14.4285714285714,98.2499085714286,0,0,1,87.1884334285714,72.9947432857143,16.7346938571429,19.0,8,,,,
2021-08-15,202133,116.0,116,116,116,4209102,0.031401288,19.409094,0,1,420910220213319685,2023-11-24,0.7943181,Joinville,597658.0,16.8571428571429,99.11983,0,0,1,84.2718538571429,71.0996888571429,20.1993201428571,23.5714285714286,9,,,,
2021-08-22,202134,112.0,112,112,112,4209102,0.12659676,18.739815,0,1,420910220213419685,2023-11-24,0.86335534,Joinville,597658.0,17.1428571428571,96.5597314285714,0,0,1,84.9261971428571,70.6409932857143,19.4456828571429,22.2857142857143,6,,,,
2021-08-29,202135,122.0,122,122,122,4209102,0.57142484,20.413012,0,1,420910220213519685,2023-11-24,1.0234106,Joinville,597658.0,16.2857142857143,98.2591877142857,0,0,1,85.170963,73.301448,19.6560635714286,22.4285714285714,7,,,,
2021-09-05,202136,97.0,97,97,97,4209102,0.10769283,16.230019,0,1,420910220213619685,2023-11-24,0.8435382,Joinville,597658.0,17.1428571428571,98.2461934285714,0,0,1,81.8644758571429,66.1687118571429,20.750691,23.8571428571429,5,,,,
2021-09-12,202137,82.0,82,82,82,4209102,0.019546824,13.7202215,0,1,420910220213719685,2023-11-24,0.7420033,Joinville,597658.0,17.1428571428571,98.2973257142857,0,0,1,89.7621608571429,81.2277237142857,19.1019492857143,21.1428571428571,4,,,,
2021-09-19,202138,88.0,88,88,88,4209102,0.20211801,14.72414,0,1,420910220213819685,2023-11-24,0.8854116,Joinville,597658.0,17.0,96.5112062857143,0,0,1,81.6315165714286,66.2577838571429,20.1801587142857,23.1428571428571,0,,,,
2021-09-26,202139,76.0,76,76,76,4209102,0.16081673,12.716303,0,1,420910220213919685,2023-11-24,0.8570126,Joinville,597658.0,18.0,99.1328242857143,0,0,1,85.442085,72.9139865714286,21.3145357142857,24.1428571428571,3,,,,
2021-10-03,202140,43.0,43,43,43,4209102,0.00024387348,7.1947503,0,1,420910220214019685,2023-11-24,0.5279126,Joinville,597658.0,16.4285714285714,100.0,0,0,1,89.5521557142857,77.2499871428571,18.359524,20.2857142857143,1,,,,
2021-10-10,202141,69.0,69,69,69,4209102,0.44541952,11.545064,0,1,420910220214119685,2023-11-24,0.9771046,Joinville,597658.0,18.7142857142857,99.1392157142857,1,0,1,89.227005,79.8330164285714,20.9082422857143,23.0,1,,,,
2021-10-17,202142,72.0,72,72,72,4209102,0.82490295,12.047024,0,1,420910220214219685,2023-11-24,1.1754066,Joinville,597658.0,15.4285714285714,99.1263634285714,0,0,1,84.6624548571429,67.7343264285714,18.8381188571429,21.7142857142857,3,,,,
2021-10-24,202143,78.0,78,78,78,4209102,0.8796294,13.050942,0,1,420910220214319685,2023-11-24,1.2174302,Joinville,597658.0,18.0,98.2527268571429,0,0,1,82.2152487142857,66.4928482857143,21.7361108571429,24.7142857142857,8,,,,
2021-10-31,202144,95.0,95,95,95,4209102,0.9624098,15.895378,0,1,420910220214419685,2023-11-24,1.3177421,Joinville,597658.0,20.2857142857143,98.2910742857143,1,1,1,83.1237512857143,68.2001601428571,23.15873,26.0,5,,,,
2021-11-07,202145,86.0,86,86,86,4209102,0.67699087,14.389501,0,1,420910220214519685,2023-11-24,1.0737104,Joinville,597658.0,18.2857142857143,98.2783614285714,1,0,1,88.3441092857143,74.682598,19.7785257142857,21.5714285714286,3,,,,
2021-11-14,202146,100.0,100,100,100,4209102,0.82624716,16.731977,0,2,420910220214619685,2023-11-24,1.1470412,Joinville,597658.0,19.0,96.55012,1,0,1,79.6996344285714,66.5286434285714,22.2152778571429,24.7142857142857,4,,,,
2021-11-21,202147,104.0,104,104,104,4209102,0.81199026,17.401257,0,2,420910220214719685,2023-11-24,1.1347756,Joinville,597658.0,18.5714285714286,97.4364057142857,1,0,1,75.6100592857143,56.0687141428571,24.0714285714286,28.4285714285714,3,,,,
2021-11-28,202148,114.0,114,114,114,4209102,0.8721884,19.074453,0,2,420910220214819685,2023-11-24,1.1691325,Joinville,597658.0,20.5714285714286,94.9665771428571,1,0,1,79.8099871428571,69.1092547142857,23.697479,26.0,14,,,,
2021-12-05,202149,104.0,104,104,104,4209102,0.5010648,17.401257,0,2,420910220214919685,2023-11-24,1.0003694,Joinville,597658.0,19.2857142857143,93.4163162857143,1,0,1,76.8571271428571,61.7204364285714,22.2675068571429,24.5714285714286,37,,,,
2021-12-12,202150,115.0,115,115,115,4209102,0.685287,19.241774,0,2,420910220215019685,2023-11-24,1.0666779,Joinville,597658.0,23.0,95.9357757142857,1,0,1,83.4355205714286,73.2594077142857,25.6518965714286,28.0,78,,,,
2021-12-19,202151,52.0,52,52,52,4209102,7.232878e-06,8.700628,0,2,420910220215119685,2023-11-24,0.49159226,Joinville,597658.0,19.8571428571429,95.7361185714286,1,0,1,75.067077,59.8997584285714,23.784197,26.7142857142857,36,,,,
2021-12-26,202152,52.0,52,52,52,4209102,0.000287676,8.700628,0,2,420910220215219685,2023-11-24,0.55876297,Joinville,597658.0,20.7142857142857,95.7976557142857,1,0,1,81.5674092857143,68.8065821428571,24.4467791428571,27.2857142857143,26,,,,
2022-01-02,202201,104.0,104,104,104,4209102,0.9906051,17.401257,0,2,420910220220119685,2023-11-24,1.4265428,Joinville,597658.0,22.4285714285714,96.6375428571429,1,1,1,80.8168631428571,66.1867845714286,25.4426777142857,28.2857142857143,0,,,,
2022-01-09,202202,132.0,132,132,132,4209102,0.99998754,22.08621,0,3,420910220220219685,2023-11-24,1.825612,Joinville,597658.0,20.7142857142857,100.0,1,1,1,86.5485871428571,72.114284,24.1349205714286,27.1428571428571,3,,,,
2022-01-16,202203,117.0,117,117,117,4209102,0.9288688,19.576414,0,3,420910220220319685,2023-11-24,1.2230711,Joinville,597658.0,23.5714285714286,96.8261108571429,1,0,1,77.0225512857143,62.847556,28.316739,31.5714285714286,3,,,,
2022-01-23,202204,76.0,76,76,76,4209102,0.0032099509,12.716303,0,2,420910220220419685,2023-11-24,0.6708284,Joinville,597658.0,22.2857142857143,97.5103678571429,1,0,1,82.991718,71.2441264285714,25.7738094285714,28.4285714285714,2,,,,
2022-01-30,202205,62.0,62,62,62,4209102,0.0002937138,10.373826,0,2,420910220220519685,2023-11-24,0.5837698,Joinville,597658.0,22.1428571428571,98.3827942857143,1,0,1,82.7723142857143,64.5578184285714,26.0680277142857,30.1428571428571,4,,,,
2022-02-06,202206,118.0,118,118,118,4209102,0.9833527,19.743732,0,2,420910220220619685,2023-11-24,1.3470618,Joinville,597658.0,21.2857142857143,95.8151242857143,1,1,1,78.8598627142857,64.8747028571429,24.9920631428571,27.8571428571429,13,,,,
2022-02-13,202207,86.0,86,86,86,4209102,0.5843377,14.389501,0,2,420910220220719685,2023-11-24,1.0332079,Joinville,597658.0,19.5714285714286,98.3033071428571,1,0,1,80.3922937142857,61.7937332857143,24.4285715714286,28.2857142857143,19,,,,
2022-02-20,202208,109.0,109,109,109,4209102,0.8640054,18.237856,0,2,420910220220819685,2023-11-24,1.1668795,Joinville,597658.0,22.4285714285714,97.4920771428571,1,0,1,83.096657,69.4736895714286,26.6111108571429,30.2857142857143,31,,,,
2022-02-27,202209,177.0,177,177,177,4209102,0.9999964,29.615599,0,2,420910220220919685,2023-11-24,1.7269487,Joinville,597658.0,23.4285714285714,98.3402885714286,1,1,1,86.0765714285714,70.541544,26.566666,29.7142857142857,87,,,,
2022-03-06,202210,275.0,275,275,275,4209102,1.0,46.012936,0,3,420910220221019685,2023-11-24,2.1379719,Joinville,597658.0,23.2857142857143,96.6864357142857,1,1,1,85.1635928571429,71.9275114285714,26.6290728571429,30.2857142857143,138,,,,
2022-03-13,202211,563.0,563,563,563,4209102,1.0,94.201035,0,3,420910220221119685,2023-11-24,2.82771,Joinville,597658.0,21.7142857142857,98.3035114285714,1,1,2,90.9496092857143,83.2245994285714,23.1412905714286,25.0,374,,,,
2022-03-20,202212,843.0,843,843,843,4209102,1.0,141.05057,0,3,420910220221219685,2023-11-24,2.4753065,Joinville,597658.0,20.5714285714286,95.8094771428571,1,1,2,84.2707521428571,69.1988614285714,23.3650798571429,26.1428571428571,626,,,,
2022-03-27,202213,1046.0,1046,1046,1046,4209102,1.0,175.01648,0,4,420910220221319685,2023-11-24,1.8623582,Joinville,597658.0,18.8571428571429,99.1579742857143,1,1,2,87.8594827142857,76.3672405714286,21.7586994285714,25.0,794,,,,
2022-04-03,202214,1475.0,1475,1475,1475,4209102,1.0,246.79666,0,4,420910220221419685,2023-11-24,1.796759,Joinville,597658.0,20.4285714285714,98.3097628571429,1,1,2,91.7022714285714,83.1774457142857,22.611111,25.0,1105,,,,
2022-04-10,202215,2161.0,2161,2161,2161,4209102,1.0,361.57803,0,4,420910220221519685,2023-11-24,1.9183383,Joinville,597658.0,18.2857142857143,99.1132242857143,1,1,2,86.0136508571428,70.807552,21.6825394285714,24.5714285714286,1695,,,,
2022-04-17,202216,2968.0,2968,2968,2968,4209102,1.0,496.60507,0,4,420910220221619685,2023-11-24,1.8871622,Joinville,597658.0,16.4285714285714,97.4109042857143,0,1,2,82.4089091428571,65.0283894285714,20.9943488571429,25.0,2011,,,,
2022-04-24,202217,2913.0,2913,2913,2913,4209102,1.0,487.4025,0,4,420910220221719685,2023-11-24,1.3518956,Joinville,597658.0,20.5714285714286,94.91179,1,1,2,84.71878,72.703155,23.3158728571429,26.2857142857143,1952,,,,
2022-05-01,202218,3332.0,3332,3332,3332,4209102,1.0,557.50946,0,4,420910220221819685,2023-11-24,1.2450936,Joinville,597658.0,17.2857142857143,98.278152,0,1,2,90.3931057142857,78.8404812857143,19.3630325714286,22.1428571428571,2562,,,,
2022-05-08,202219,3188.0,3188,3188,3188,4209102,0.99564004,533.4154,0,4,420910220221919685,2023-11-24,1.0690775,Joinville,597658.0,16.5714285714286,98.2591877142857,0,1,2,86.0850812857143,70.7546592857143,19.831767,23.4285714285714,2365,,,,
2022-05-15,202220,3159.0,3159,3159,3159,4209102,0.5644432,528.5632,0,4,420910220222019685,2023-11-24,1.0040946,Joinville,597658.0,11.8571428571429,90.3792735714286,0,0,2,65.9488241428571,41.5813124285714,17.6917292857143,22.7142857142857,2177,,,,
2022-05-22,202221,2638.0,2638,2638,2638,4209102,5.0415228e-12,441.38956,0,4,420910220222119685,2023-11-24,0.8359718,Joinville,597658.0,14.4285714285714,100.0,0,0,2,86.370388,66.1027907142857,19.1105925714286,23.8571428571429,1703,,,,
2022-05-29,202222,1949.0,1949,1949,1949,4209102,0.0,326.10623,0,4,420910220222219685,2023-11-24,0.65657896,Joinville,597658.0,14.2857142857143,100.0,0,0,2,92.7625531428571,82.2797164285714,15.9078531428571,17.7142857142857,1240,,,,
2022-06-05,202223,1271.0,1271,1271,1271,4209102,0.0,212.66344,0,4,420910220222319685,2023-11-24,0.4995474,Joinville,597658.0,15.7142857142857,100.0,0,0,2,92.4529661428571,82.8464988571429,17.3474637142857,19.1428571428571,620,,,,
2022-06-12,202224,942.0,942,942,942,4209102,0.0,157.61522,0,4,420910220222419685,2023-11-24,0.4807599,Joinville,597658.0,10.5714285714286,99.0720014285714,0,0,2,80.8746687142857,58.2781107142857,15.6052631428571,20.0,448,,,,
2022-06-19,202225,930.0,930,930,930,4209102,0.0,155.60739,0,4,420910220222519685,2023-11-24,0.6578647,Joinville,597658.0,14.5714285714286,100.0,0,0,2,87.6045337142857,74.0308498571429,17.6791984285714,20.8571428571429,458,,,,
2022-06-26,202226,655.0,655,655,655,4209102,0.0,109.59445,0,4,420910220222619685,2023-11-24,0.61728835,Joinville,597658.0,12.8571428571429,99.1065457142857,0,0,2,82.595604,64.219479,17.0225562857143,21.0,283,,,,
2022-07-03,202227,452.0,452,452,452,4209102,0.0,75.62854,0,4,420910220222719685,2023-11-24,0.5259083,Joinville,597658.0,14.1428571428571,100.0,0,0,2,87.5187851428571,66.6762138571429,18.6365914285714,23.7142857142857,161,,,,
2022-07-10,202228,324.0,324,324,324,4209102,0.0,54.211605,0,4,420910220222819685,2023-11-24,0.48361027,Joinville,597658.0,15.8571428571429,99.1328242857143,0,0,2,90.2326462857143,77.8361692857143,18.066792,21.1428571428571,119,,,,
2022-07-17,202229,290.0,290,290,290,4209102,5.255796e-13,48.522736,0,4,420910220222919685,2023-11-24,0.5949596,Joinville,597658.0,16.0,96.4883214285714,0,0,1,86.0740292857143,76.3072698571429,18.2951128571429,21.4285714285714,89,,,,
2022-07-24,202230,217.0,217,217,217,4209102,1.0265857e-09,36.30839,0,1,420910220223019685,2023-11-24,0.60256135,Joinville,597658.0,15.0,96.5338848571429,0,0,1,79.400408,57.9671915714286,18.6981618571429,23.2857142857143,73,,,,
2022-07-31,202231,165.0,165,165,165,4209102,1.0062764e-08,27.607761,0,1,420910220223119685,2023-11-24,0.5831613,Joinville,597658.0,14.5714285714286,97.39187,0,0,1,86.7249827142857,73.0328757142857,16.9743107142857,19.7142857142857,53,,,,
2022-08-07,202232,128.0,128,128,128,4209102,1.5568526e-07,21.416931,0,1,420910220223219685,2023-11-24,0.57357097,Joinville,597658.0,14.0,100.0,0,0,1,90.8749057142857,77.3489585714286,16.7037591428571,19.2857142857143,27,,,,
2022-08-14,202233,97.0,97,97,97,4209102,2.169265e-06,16.230019,0,1,420910220223319685,2023-11-24,0.56494784,Joinville,597658.0,13.1428571428571,100.0,0,0,1,85.5714137142857,72.3456012857143,16.6647242857143,19.5714285714286,22,,,,
2022-08-21,202234,89.0,89,89,89,4209102,0.001714537,14.891459,0,1,420910220223419685,2023-11-24,0.6726553,Joinville,597658.0,14.8571428571429,99.1132242857143,0,0,1,88.8768678571429,75.72244,17.8261281428571,21.0,15,,,,
2022-08-28,202235,89.0,89,89,89,4209102,0.11213247,14.891459,0,1,420910220223519685,2023-11-24,0.8402587,Joinville,597658.0,12.1428571428571,97.3118385714286,0,0,1,88.5265314285714,75.9863371428571,15.0924812857143,18.7142857142857,21,,,,
2022-09-04,202236,69.0,69,69,69,4209102,0.034852557,11.545064,0,1,420910220223619685,2023-11-24,0.7507396,Joinville,597658.0,14.8571428571429,100.0,0,0,1,85.2624485714286,64.3076698571429,18.4887218571429,23.8571428571429,10,,,,
2022-09-11,202237,123.0,123,123,123,4209102,0.99470127,20.580332,0,1,420910220223719685,2023-11-24,1.4268326,Joinville,597658.0,14.2857142857143,97.3195614285714,0,1,1,89.2817514285714,78.1974912857143,16.2293232857143,18.0,15,,,,
2022-09-18,202238,91.0,91,91,91,4209102,0.5596713,15.226099,0,1,420910220223819685,2023-11-24,1.0225816,Joinville,597658.0,13.8571428571429,99.11983,0,0,1,80.0423385714286,66.9436057142857,17.5669172857143,20.4285714285714,8,,,,
2022-09-25,202239,66.0,66,66,66,4209102,0.007967732,11.043105,0,1,420910220223919685,2023-11-24,0.6835028,Joinville,597658.0,14.8571428571429,98.2263757142857,0,0,1,88.8584941428571,77.7037332857143,16.9650914285714,18.8571428571429,4,,,,
2022-10-02,202240,65.0,65,65,65,4209102,0.023082806,10.875785,0,1,420910220224019685,2023-11-24,0.72481954,Joinville,597658.0,16.4285714285714,97.3855511428571,0,0,1,80.2921728571429,64.3261872857143,19.795322,22.5714285714286,5,,,,
2022-10-09,202241,70.0,70,70,70,4209102,0.344074,11.712384,0,1,420910220224119685,2023-11-24,0.9356322,Joinville,597658.0,17.0,98.2876914285714,0,0,1,89.2842234285714,79.034635,19.3251884285714,21.4285714285714,10,,,,
2022-10-16,202242,88.0,88,88,88,4209102,0.93540853,14.72414,0,1,420910220224219685,2023-11-24,1.2742887,Joinville,597658.0,18.4285714285714,100.0,1,0,1,88.722639,74.6932807142857,21.3809522857143,24.4285714285714,8,,,,
2022-10-23,202243,87.0,87,87,87,4209102,0.85507387,14.55682,0,1,420910220224319685,2023-11-24,1.1816163,Joinville,597658.0,19.2857142857143,98.2843377142857,1,0,1,81.8476048571429,67.7208532857143,22.6270678571429,25.8571428571429,3,,,,
2022-10-30,202244,82.0,82,82,82,4209102,0.5207124,13.7202215,0,1,420910220224419685,2023-11-24,1.0081406,Joinville,597658.0,15.1428571428571,97.3259462857143,0,0,1,75.96146,54.73534,19.9030608571429,24.0,2,,,,
2022-11-06,202245,118.0,118,118,118,4209102,0.98704696,19.743732,0,1,420910220224519685,2023-11-24,1.3674763,Joinville,597658.0,15.4285714285714,99.1263634285714,0,1,1,81.2680444285714,65.466064,19.9407895714286,23.4285714285714,2,,,,
2022-11-13,202246,124.0,124,124,124,4209102,0.97897387,20.747652,0,3,420910220224619685,2023-11-24,1.3179939,Joinville,597658.0,17.5714285714286,96.5699857142857,0,1,1,74.181029,55.759434,22.5852125714286,26.8571428571429,1,,,,
2022-11-20,202247,82.0,82,82,82,4209102,0.036950804,13.7202215,0,3,420910220224719685,2023-11-24,0.77035016,Joinville,597658.0,20.2857142857143,97.4365414285714,1,0,1,85.9328128571429,75.4097774285714,22.7330825714286,25.0,1,,,,
2022-11-27,202248,96.0,96,96,96,4209102,0.20233007,16.062698,0,1,420910220224819685,2023-11-24,0.88995326,Joinville,597658.0,21.5714285714286,100.0,1,0,1,91.7869142857143,81.6331257142857,23.5049767142857,25.5714285714286,4,,,,
2022-12-04,202249,139.0,139,139,139,4209102,0.9942549,23.257448,0,2,420910220224919708,2023-12-17,1.3889406,Joinville,597658.0,22.5714285714286,99.1579742857143,1,1,1,84.6739521428571,71.9761215714286,25.7729321428571,28.7142857142857,6,,,,
2022-12-11,202250,93.0,93,93,93,4209102,0.21575408,15.560739,0,2,420910220225019718,2023-12-27,0.89410335,Joinville,597658.0,20.6666666666667,97.97659,1,0,1,80.9022593333333,65.3785265,24.2534806666667,27.6666666666667,12,,,,
2022-12-18,202251,65.0,65,65,65,4209102,0.0003268675,10.875785,0,2,420910220225119718,2023-12-27,0.5925936,Joinville,597658.0,19.5,100.0,1,0,1,92.71364,83.825815,21.125,23.0,27,,,,
2022-12-25,202252,82.0,82,82,82,4209102,0.13892937,13.7202215,0,2,420910220225219734,2024-01-12,0.85014415,Joinville,597658.0,21.3333333333333,98.02084,1,0,1,89.7775846666667,82.1353266666667,23.2643273333333,24.6666666666667,7,,,,
2023-01-01,202301,105.0,105,105,105,4209102,0.9774083,17.568577,0,2,420910220230119741,2024-01-19,1.3458949,Joinville,597658.0,19.7142857142857,99.1579742857143,1,1,1,80.2703285714286,65.2102897142857,24.5406017142857,28.0,11,,,,
2023-01-08,202302,119.0,119,119,119,4209102,0.9977662,19.911053,0,3,420910220230219748,2024-01-26,1.5026135,Joinville,597658.0,21.2857142857143,97.5407685714286,1,1,1,84.6712942857143,71.3524112857143,24.5075185714286,27.7142857142857,10,,,,
2023-01-15,202303,106.0,106,106,106,4209102,0.75786793,17.735895,0,3,420910220230319748,2024-01-26,1.1032548,Joinville,597658.0,24.8571428571429,93.4514542857143,1,0,1,93.4514542857143,93.4514542857143,24.8571428571429,24.8571428571429,13,,,,
2023-01-22,202304,160.0,160,160,160,4209102,0.9986088,26.771164,0,2,420910220230419752,2024-01-30,1.441717,Joinville,597658.0,24.8571428571429,87.5084917142857,1,1,1,87.138526,86.7685602857143,24.9285714285714,25.0,19,,,,
2023-01-29,202305,175.0,175,175,175,4209102,0.9980379,29.28096,0,3,420910220230519760,2024-02-07,1.3976285,Joinville,597658.0,24.8571428571429,94.2993385714286,1,1,1,91.0092687142857,86.0790535714286,25.6917294285714,27.0,41,,,,
2023-02-05,202306,226.0,226,226,226,4209102,0.9999487,36.570824,0,3,420910220230619768,2024-02-15,1.4974269,Joinville,617979.0,25.0,88.8785352857143,1,1,1,88.4909452857143,88.1033552857143,25.1428571428571,25.2857142857143,63,,,,
2023-02-12,202307,273.0,273,273,273,4209102,0.9999847,44.176258,0,3,420910220230719774,2024-02-21,1.4819261,Joinville,617979.0,24.8095238095238,95.5782728571429,1,1,1,92.6715855238095,89.4882798095238,25.3333334285714,25.9047619047619,108,,,,
2023-02-19,202308,468.0,468,468,468,4209102,1.0,75.73073,0,3,420910220230819780,2024-02-27,2.0089629,Joinville,617979.0,20.8571428571429,96.82372,1,1,2,86.7682278571429,75.1423838571429,23.4774435714286,26.1428571428571,199,,,,
2023-02-26,202309,1132.0,1132,1132,1132,4209102,1.0,183.17775,0,3,420910220230919787,2024-03-05,3.251672,Joinville,617979.0,23.4074074074074,95.7213674074074,1,1,2,94.1641205555556,92.6047575555556,23.7098764444444,23.962962962963,543,,,,
2023-03-05,202310,1344.0,1344,1344,1344,4209102,1.0,217.48312,0,4,420910220231019795,2024-03-13,2.195229,Joinville,617979.0,23.4074074074074,95.9332703703704,1,1,2,94.6737235555556,93.4333259259259,23.5555555555556,23.7037037037037,526,,,,
2023-03-12,202311,2294.0,2294,2294,2294,4209102,1.0,371.21002,0,4,420910220231119801,2024-03-19,2.2278903,Joinville,617979.0,22.6296296296296,98.25992,1,1,2,95.7778666296296,93.297922962963,23.0308642962963,23.4814814814815,945,,,,
2023-03-19,202312,3745.0,3745,3745,3745,4209102,1.0,606.0076,0,4,420910220231219809,2024-03-27,2.3496203,Joinville,617979.0,22.5714285714286,98.31588,1,1,2,84.2599571428571,71.3337724285714,25.9075188571429,28.7142857142857,1853,,,,
2023-03-26,202313,4894.0,4894,4894,4894,4209102,1.0,791.9363,0,4,420910220231319815,2024-04-02,1.9781545,Joinville,617979.0,22.0769230769231,94.5033005384615,1,1,2,85.3305309230769,75.4699684615385,23.9561404230769,25.8461538461538,2990,,,,
2023-04-02,202314,5383.0,5383,5383,5383,4209102,1.0,871.0652,0,4,420910220231419821,2024-04-08,1.4946128,Joinville,617979.0,18.4285714285714,100.0,1,1,2,84.168222,68.1148818571429,22.3909775714286,25.7142857142857,4158,,,,
2023-04-09,202315,5649.0,5649,5649,5649,4209102,1.0,914.1087,0,4,420910220231519828,2024-04-15,1.229088,Joinville,617979.0,18.7142857142857,100.0,1,1,2,86.5265162857143,68.8062148571429,22.7894741428571,26.8571428571429,4176,,,,
2023-04-16,202316,5648.0,5648,5648,5648,4209102,0.99998295,913.9469,0,4,420910220231619835,2024-04-22,1.0828036,Joinville,617979.0,16.5714285714286,99.0997914285714,0,1,2,82.4042524285714,64.138911,20.7744361428571,24.7142857142857,4458,,,,
2023-04-23,202317,5879.0,5879,5879,5879,4209102,0.99959594,951.32684,0,4,420910220231719842,2024-04-29,1.0647749,Joinville,617979.0,17.7142857142857,100.0,0,1,2,87.9393574285714,70.491297,21.1616541428571,24.4285714285714,4282,,,,
2023-04-30,202318,6184.0,6184,6184,6184,4209102,0.9999972,1000.6813,0,4,420910220231819849,2024-05-06,1.086939,Joinville,617979.0,21.1851851851852,96.7561925925926,1,1,2,95.2856148148148,94.1039940740741,21.4320986666667,21.6296296296296,4776,,,,
2023-05-07,202319,5552.0,5552,5552,5552,4209102,0.0037164018,898.4124,0,4,420910220231919856,2024-05-13,0.95106775,Joinville,617979.0,19.4615384615385,96.6440080769231,1,0,2,92.0160261538462,86.9442338461538,20.4291498846154,21.3846153846154,4646,,,,
2023-05-14,202320,4058.0,4058,4058,4058,4209102,0.0,656.6566,0,4,420910220232019863,2024-05-20,0.70173305,Joinville,617979.0,14.0,100.0,0,0,2,89.0722714285714,78.5434418571429,16.4661655714286,19.0,3412,,,,
2023-05-21,202321,3160.0,3160,3160,3160,4209102,0.0,511.34424,0,4,420910220232119870,2024-05-27,0.60687405,Joinville,617979.0,17.7142857142857,98.3597585714286,0,0,2,88.7775614285714,75.4164818571429,20.7894738571429,23.8571428571429,2451,,,,
2023-05-28,202322,2912.0,2912,2912,2912,4209102,0.0,471.2134,0,4,420910220232219877,2024-06-03,0.68600327,Joinville,617979.0,16.6923076923077,100.0,0,0,2,97.1567712307692,94.7910348461538,16.8653846153846,17.1153846153846,2222,,,,
2023-06-04,202323,2718.0,2718,2718,2718,4209102,0.0,439.82077,0,4,420910220232319884,2024-06-10,0.79429543,Joinville,617979.0,14.5990142857143,94.5437857142857,0,0,2,82.8905714285714,59.6117,18.7070428571429,25.1512714285714,2062,,,,
2023-06-11,202324,2565.0,2565,2565,2565,4209102,3.181637e-08,415.06265,0,4,420910220232419884,2024-06-10,0.86449564,Joinville,617979.0,14.0040428571429,89.4049142857143,0,0,2,82.7138142857143,74.938,15.9394714285714,18.522,1800,,,,
2023-06-18,202325,1834.0,1834,1834,1834,4209102,0.0,296.77383,0,4,420910220232519898,2024-06-24,0.67977124,Joinville,617979.0,15.7142857142857,93.1309962857143,0,0,2,91.8036805714286,90.1873077142857,15.904762,16.1428571428571,1201,,,,
2023-06-25,202326,1519.0,1519,1519,1519,4209102,0.0,245.80124,0,4,420910220232619905,2024-07-01,0.6386304,Joinville,617979.0,17.2857142857143,96.5049491428571,0,0,2,94.6728728571429,93.1178968571429,17.8095238571429,18.2857142857143,972,,,,
2023-07-02,202327,1236.0,1236,1236,1236,4209102,0.0,200.00679,0,4,420910220232719913,2024-07-09,0.6349261,Joinville,617979.0,15.8888888888889,97.2752441481481,0,0,2,95.9132201481481,94.5511961481482,16.0925925925926,16.4074074074074,824,,,,
2023-07-09,202328,936.0,936,936,936,4209102,0.0,151.46146,0,4,420910220232819919,2024-07-15,0.6037518,Joinville,617979.0,14.6671,93.2428571428571,0,0,2,84.1566714285714,74.4175571428571,16.6975,19.0946428571429,588,,,,
2023-07-16,202329,708.0,708,708,708,4209102,0.0,114.567,0,4,420910220232919929,2024-07-25,0.5727638,Joinville,617979.0,13.7184714285714,93.0274571428571,0,0,2,87.5119714285714,77.2356714285714,15.4481714285714,18.1656285714286,442,,,,
2023-07-23,202330,570.0,570,570,570,4209102,0.0,92.236145,0,4,420910220233019934,2024-07-30,0.5906347,Joinville,617979.0,15.4170285714286,93.2794571428571,0,0,2,85.342,70.3347285714286,17.9577285714286,21.8828,256,,,,
2023-07-30,202331,592.0,592,592,592,4209102,5.8074506e-06,95.796135,0,4,420910220233119941,2024-08-06,0.78667355,Joinville,617979.0,13.2267571428571,92.7811,0,0,2,82.6872,60.4168571428571,17.2666857142857,23.6800285714286,228,,,,
2023-08-06,202332,419.0,419,419,419,4209102,1.6859447e-10,67.80166,0,4,420910220233219949,2024-08-14,0.6749349,Joinville,617979.0,15.8855428571429,95.5080571428571,0,0,2,88.7592,76.6968,17.9072285714286,20.9351428571429,157,,,,
2023-08-13,202333,433.0,433,433,433,4209102,0.00025276112,70.06711,0,4,420910220233319956,2024-08-21,0.7997747,Joinville,617979.0,15.3896142857143,92.3822285714286,0,0,2,83.3640714285714,67.0712714285714,18.1577857142857,22.4247285714286,164,,,,
2023-08-20,202334,360.0,360,360,360,4209102,7.7840356e-05,58.254406,0,4,420910220233419962,2024-08-27,0.7681585,Joinville,617979.0,15.7258428571429,90.8419571428571,0,0,2,77.8673142857143,59.7560428571429,19.2818857142857,23.8376714285714,126,,,,
2023-08-27,202335,347.0,347,347,347,4209102,0.007123016,56.150776,0,4,420910220233519969,2024-09-03,0.83703804,Joinville,617979.0,13.3601142857143,89.3831857142857,0,0,2,81.5047428571429,67.9870571428571,15.7680285714286,19.1906285714286,144,,,,
2023-09-03,202336,314.0,314,314,314,4209102,0.010349216,50.810787,0,1,420910220233619978,2024-09-12,0.83815414,Joinville,617979.0,17.1857857142857,92.6655714285714,0,0,1,84.5218571428571,74.4371857142857,19.8531285714286,23.1583571428571,142,,,,
2023-09-10,202337,327.0,327,327,327,4209102,0.24969237,52.91442,0,1,420910220233719983,2024-09-17,0.9492254,Joinville,617979.0,16.5976571428571,93.6283714285714,0,0,1,81.4494857142857,63.6815857142857,19.5618142857143,23.8634,146,,,,
2023-09-17,202338,316.0,316,316,316,4209102,0.33453068,51.134422,0,1,420910220233819990,2024-09-24,0.9668636,Joinville,617979.0,18.4934142857143,94.6955,1,0,1,82.4683,63.8331142857143,22.3726285714286,27.8567857142857,128,,,,
2023-09-24,202339,320.0,320,320,320,4209102,0.4911411,51.781696,0,1,420910220233919998,2024-10-02,0.99824774,Joinville,617979.0,18.0605285714286,92.9321571428571,1,0,1,86.9188,77.5357,20.0562714285714,23.0224285714286,92,,,,
2023-10-01,202340,300.0,300,300,300,4209102,0.2422385,48.545338,0,1,420910220234020005,2024-10-09,0.9453048,Joinville,617979.0,17.0379142857143,94.3685857142857,0,0,1,89.4761857142857,82.2518571428571,18.4044,20.3711857142857,57,,,,
2023-10-08,202341,250.0,250,250,250,4209102,0.0060030874,40.45445,0,1,420910220234120012,2024-10-16,0.80825883,Joinville,617979.0,16.7335857142857,94.9489857142857,0,0,1,88.5354714285714,80.3523857142857,18.4995857142857,20.8751285714286,39,,,,
2023-10-15,202342,364.0,364,364,364,4209102,0.9960775,58.901676,0,1,420910220234220019,2024-10-23,1.2305129,Joinville,617979.0,16.9135142857143,94.2753571428571,0,1,1,87.1909857142857,78.7002142857143,18.4586142857143,20.6108142857143,62,,,,
2023-10-22,202343,339.0,339,339,339,4209102,0.9504789,54.85623,0,3,420910220234320026,2024-10-30,1.1397682,Joinville,617979.0,18.2728714285714,93.6706571428571,1,1,1,85.9178142857143,74.9213714285714,20.2933714285714,23.0077571428571,72,,,,
2023-10-29,202344,239.0,239,239,239,4209102,0.00037953362,38.674454,0,3,420910220234420032,2024-11-05,0.75086904,Joinville,617979.0,18.9569142857143,93.2822857142857,1,0,1,85.5429571428571,74.2179714285714,21.0674428571429,24.0474857142857,89,,,,
2023-11-05,202345,368.0,368,368,368,4209102,0.9769708,59.54895,0,1,420910220234520039,2024-11-12,1.164966,Joinville,617979.0,17.0517,90.2206,0,1,1,76.5591857142857,61.3762285714286,20.9582857142857,25.9575714285714,141,,,,
2023-11-12,202346,220.0,220,220,220,4209102,0.00024944157,35.599915,0,1,420910220234620046,2024-11-19,0.7355404,Joinville,617979.0,21.4065,96.1966142857143,1,0,1,87.8505857142857,73.3044714285714,23.7472857142857,27.7795714285714,82,,,,
2023-11-19,202347,378.0,378,378,378,4209102,0.99893993,61.167126,0,1,420910220234720056,2024-11-29,1.2674614,Joinville,617979.0,18.9378714285714,95.7586,1,1,1,84.8686285714286,71.0364,21.4852857142857,24.6421142857143,249,,,,
2023-11-26,202348,474.0,474,474,474,4209102,1.0,76.70164,0,3,420910220234820060,2024-12-03,1.5373414,Joinville,617979.0,19.7058571428571,96.7064428571429,1,1,2,88.2172285714286,73.6535714285714,22.2281285714286,25.8461142857143,396,,,,
2023-12-03,202349,494.0,494,494,494,4209102,0.99999356,79.93799,0,3,420910220234920067,2024-12-10,1.348352,Joinville,617979.0,20.7029714285714,96.7134571428572,1,1,2,88.6206285714286,76.8768428571429,22.8524142857143,25.4452571428571,486,,,,
2023-12-10,202350,522.0,522,522,522,4209102,0.9951341,84.46889,0,4,420910220235020074,2024-12-17,1.1814717,Joinville,617979.0,19.212,97.4911857142857,1,1,2,83.4301285714286,65.0977285714286,22.4216428571429,26.7507,510,,,,
2023-12-17,202351,358.0,358,358,358,4209102,1.4150198e-05,57.93077,0,4,420910220235120080,2024-12-23,0.74763656,Joinville,617979.0,21.4516714285714,97.6794285714286,1,0,1,81.8122285714286,60.2907857142857,24.5932,28.7173428571429,344,,,,
2023-12-24,202352,229.0,229,229,229,4209102,0.0,37.056274,0,2,420910220235220088,2024-12-31,0.50433,Joinville,617979.0,21.0738428571429,90.4563571428571,1,0,1,72.9880428571429,53.9103,24.7751142857143,29.3639,105,,,,
2023-12-31,202401,823.0,823,823,823,4209102,1.0,133.17604,0,2,420910220240120096,2025-01-08,2.0688837,Joinville,617979.0,19.7022571428571,95.6807428571429,1,1,2,86.9951714285714,76.1337428571429,21.6228428571429,24.6289714285714,260,,,,
2024-01-07,202402,991.0,991,991,991,4209102,1.0,160.36143,0,4,420910220240220096,2025-01-08,2.1493628,Joinville,617979.0,21.7821714285714,96.7059,1,1,2,83.6830857142857,65.1277571428571,24.9606428571429,28.8984571428571,251,,,,
2024-01-14,202403,1259.0,1259,1259,1259,4209102,1.0,203.7286,0,4,420910220240320109,2025-01-21,1.7652401,Joinville,617979.0,22.2639428571429,95.8802428571429,1,1,2,84.5099857142857,66.3555571428572,25.4792285714286,29.8895714285714,336,,,,
2024-01-21,202404,1875.0,1875,1875,1875,4209102,1.0,303.40836,0,4,420910220240420117,2025-01-29,1.8484032,Joinville,617979.0,18.1925142857143,96.3547428571429,1,1,2,91.1205428571429,83.1973714285714,19.5720714285714,21.5200142857143,422,,,,
2024-01-28,202405,2500.0,2500,2500,2500,4209102,1.0,404.5445,0,4,420910220240520123,2025-02-04,1.8165542,Joinville,617979.0,19.6909857142857,97.4317428571429,1,1,2,87.0112142857143,73.1812857142857,22.4891857142857,26.2310428571429,587,,,,
2024-02-04,202406,3671.0,3671,3671,3671,4209102,1.0,594.03314,0,4,420910220240620130,2025-02-11,1.9187636,Joinville,617979.0,21.7694428571429,97.5704142857143,1,1,2,84.0676285714286,64.8585,25.0866428571429,29.2712142857143,1472,,,,
2024-02-11,202407,4676.0,4676,4676,4676,4209102,1.0,756.66003,0,4,420910220240720137,2025-02-18,1.7548184,Joinville,617979.0,20.9573142857143,95.2830571428571,1,1,2,84.6754285714286,68.5442571428571,23.6093142857143,27.3219285714286,2210,,,,
2024-02-18,202408,5488.0,5488,5488,5488,4209102,1.0,888.0561,0,4,420910220240820145,2025-02-26,1.5225878,Joinville,617979.0,20.7274571428571,96.9680571428571,1,1,2,89.0330571428571,76.3322714285714,22.9696142857143,26.1228285714286,3474,,,,
2024-02-25,202409,6475.0,6475,6475,6475,4209102,1.0,1047.7703,0,4,420910220240920154,2025-03-07,1.4153727,Joinville,617979.0,22.2281,96.6971142857143,1,1,2,89.1867,76.5773857142857,24.0887714285714,27.0319142857143,4471,,,,
2024-03-03,202410,6397.0,6397,6397,6397,4209102,1.0,1035.1484,0,4,420910220241020158,2025-03-11,1.1753727,Joinville,617979.0,20.6363285714286,97.1968571428571,1,1,2,89.3345142857143,77.4298428571429,22.5786142857143,25.3458857142857,4917,,,,
2024-03-10,202411,7112.0,7112,7112,7112,4209102,1.0,1150.8481,0,4,420910220241120165,2025-03-18,1.1636077,Joinville,617979.0,21.4025428571429,97.3295428571429,1,1,2,84.2346714285714,62.2785571428571,24.5521428571429,29.4120857142857,6145,,,,
2024-03-17,202412,8304.0,8304,8304,8304,4209102,1.0,1343.735,0,4,420910220241220172,2025-03-25,1.2571243,Joinville,617979.0,22.1682285714286,94.5031285714286,1,1,2,84.5893142857143,69.2264428571429,24.3132142857143,27.8345285714286,7464,,,,
2024-03-24,202413,8263.0,8263,8263,8263,4209102,1.0,1337.1005,0,4,420910220241320179,2025-04-01,1.1452273,Joinville,617979.0,18.3938714285714,95.4568428571429,1,1,2,83.4336714285714,67.3775714285714,21.5538714285714,25.0774571428571,7624,,,,
2024-03-31,202414,8568.0,8568,8568,8568,4209102,1.0,1386.4548,0,4,420910220241420188,2025-04-10,1.088618,Joinville,617979.0,20.4365142857143,97.0234714285714,1,1,2,86.1548857142857,68.8119714285714,23.0693571428571,26.5339571428571,7782,,,,
2024-04-07,202415,8588.0,8588,8588,8588,4209102,0.9947546,1389.6913,0,4,420910220241520193,2025-04-15,1.0402291,Joinville,617979.0,19.7135428571429,97.5980428571429,1,1,2,89.7030285714286,77.2582285714286,21.9161857142857,24.8149285714286,7980,,,,
2024-04-14,202416,8226.0,8226,8226,8226,4209102,0.065891236,1331.1132,0,4,420910220241620201,2025-04-23,0.9769083,Joinville,617979.0,17.9820285714286,96.1947285714286,0,0,2,85.9178428571429,69.5821714285714,20.6179571428571,23.8558714285714,7631,,,,
2024-04-21,202417,7491.0,7491,7491,7491,4209102,9.332535e-13,1212.1771,0,4,420910220241720207,2025-04-29,0.89411575,Joinville,617979.0,18.0713285714286,96.9167571428571,1,0,2,86.9533142857143,69.8228571428571,21.1352,25.7507,6940,,,,
2024-04-28,202418,6579.0,6579,6579,6579,4209102,0.0,1064.5992,0,4,420910220241820214,2025-05-06,0.81951797,Joinville,617979.0,20.7484571428571,94.7102714285714,1,0,2,82.9850857142857,65.9582857142857,23.7540857142857,28.1891857142857,5937,,,,
2024-05-05,202419,6164.0,6164,6164,6164,4209102,0.0,997.4449,0,4,420910220241920224,2025-05-16,0.83225113,Joinville,617979.0,19.8013285714286,93.4603428571429,1,0,2,81.9021285714286,62.1374142857143,23.1256571428571,27.7133571428571,5479,,,,
2024-05-12,202420,5174.0,5174,5174,5174,4209102,0.0,837.2453,0,4,420910220242020228,2025-05-20,0.7732255,Joinville,617979.0,17.0473285714286,92.6185,0,0,2,83.1207285714286,71.2718142857143,19.1371428571429,22.4963285714286,4659,,,,
2024-05-19,202421,3146.0,3146,3146,3146,4209102,0.0,509.0788,0,4,420910220242120236,2025-05-28,0.5318787,Joinville,617979.0,15.1377428571429,94.3146285714286,0,0,2,84.1991857142857,70.1381714285714,18.0764857142857,21.9332142857143,2717,,,,
2024-05-26,202422,2168.0,2168,2168,2168,4209102,0.0,350.82098,0,4,420910220242220242,2025-06-03,0.44947115,Joinville,617979.0,11.4738,93.4448714285714,0,0,2,81.4512571428571,66.8196285714286,14.5011142857143,18.0455714285714,1938,,,,
2024-06-02,202423,2161.0,2161,2161,2161,4209102,0.0,349.68826,0,4,420910220242320249,2025-06-10,0.61544716,Joinville,617979.0,13.3378142857143,95.7044571428571,0,0,2,85.3207857142857,66.6911,17.1881714285714,22.5770142857143,1880,,,,
2024-06-09,202424,1869.0,1869,1869,1869,4209102,0.0,302.43747,0,4,420910220242420256,2025-06-17,0.73078793,Joinville,617979.0,15.9950857142857,93.2084571428571,0,0,2,81.5294285714286,60.3309714285714,19.9506714285714,25.6861285714286,1631,,,,
2024-06-16,202425,1543.0,1543,1543,1543,4209102,0.0,249.68486,0,4,420910220242520263,2025-06-24,0.7292478,Joinville,617979.0,16.5478428571429,93.4343571428571,0,0,2,81.9096714285714,63.4386428571429,19.7424142857143,24.3862142857143,1324,,,,
2024-06-23,202426,1083.0,1083,1083,1083,4209102,0.0,175.24867,0,4,420910220242620270,2025-07-01,0.59114057,Joinville,617979.0,14.6580142857143,92.2737857142857,0,0,2,80.4665428571429,64.0993571428571,17.6900714285714,21.8823714285714,947,,,,
2024-06-30,202427,707.0,707,707,707,4209102,0.0,114.40518,0,4,420910220242720278,2025-07-09,0.47298923,Joinville,617979.0,9.65708571428571,91.7440428571429,0,0,2,80.4590714285714,64.1138428571429,13.9058571428571,19.4965857142857,593,,,,
2024-07-07,202428,384.0,384,384,384,4209102,0.0,62.138035,0,4,420910220242820284,2025-07-15,0.34656966,Joinville,617979.0,11.1704285714286,95.9810857142857,0,0,1,92.1901,85.0827571428571,12.5054142857143,14.6389571428571,309,,,,
2024-07-14,202429,281.0,281,281,281,4209102,0.0,45.470802,0,1,420910220242920292,2025-07-23,0.3776484,Joinville,617979.0,13.0679,97.8909,0,0,1,92.0084571428571,80.1575428571429,15.1923857142857,18.4338285714286,222,,,,
2024-07-21,202430,337.0,337,337,337,4209102,5.0388144e-07,54.532597,0,1,420910220243020298,2025-07-29,0.70795375,Joinville,617979.0,12.4157857142857,95.8306571428571,0,0,1,82.4733571428571,59.3089571428571,16.8866857142857,22.9578428571429,244,,,,
2024-07-28,202431,273.0,273,273,273,4209102,0.0019765242,44.176258,0,1,420910220243120305,2025-08-05,0.79249007,Joinville,617979.0,14.2939428571429,95.8988285714286,0,0,1,88.6181857142857,74.1393428571429,16.6836428571429,20.2098714285714,173,,,,
2024-08-04,202432,286.0,286,286,286,4209102,0.18369159,46.27989,0,1,420910220243220312,2025-08-12,0.9287227,Joinville,617979.0,14.9690714285714,96.3160857142857,0,0,1,83.4189428571429,61.9933142857143,18.189,22.5679571428571,151,,,,
2024-08-11,202433,358.0,358,358,358,4209102,0.9924406,57.93077,0,1,420910220243320321,2025-08-21,1.209634,Joinville,617979.0,8.2813,90.2911857142857,0,1,1,73.3309714285714,50.5255428571429,14.0680714285714,21.1903428571429,127,,,,
2024-08-18,202434,408.0,408,408,408,4209102,0.9999055,66.02166,0,3,420910220243420328,2025-08-28,1.3233774,Joinville,617979.0,15.8524571428571,95.1690571428571,0,1,1,83.5967428571429,65.5077285714286,19.0127857142857,23.4972571428571,92,,,,
2024-08-25,202435,414.0,414,414,414,4209102,0.99040407,66.99257,0,3,420910220243520333,2025-09-02,1.1849816,Joinville,617979.0,9.36595714285714,93.6506,0,1,1,79.2142142857143,58.5972285714286,13.9735857142857,19.5875428571429,37,,,,
2024-09-01,202436,483.0,483,483,483,4209102,0.9989237,78.158,0,3,420910220243620340,2025-09-09,1.2310616,Joinville,617979.0,14.1889857142857,96.4011142857143,0,1,2,86.1030571428571,70.5413571428572,17.7435142857143,22.4217,14,,,,
2024-09-08,202437,536.0,536,536,536,4209102,0.9996682,86.73434,0,3,420910220243720347,2025-09-16,1.2455543,Joinville,617979.0,17.9448571428571,92.8823714285714,0,1,2,76.5899285714286,54.8141714285714,22.5901428571429,28.8870285714286,20,,,,
2024-09-15,202438,527.0,527,527,527,4209102,0.95099366,85.27798,0,4,420910220243820354,2025-09-23,1.1102494,Joinville,617979.0,14.3032,97.2201142857143,0,1,2,89.5220285714286,76.6433428571429,16.6806285714286,19.7235428571429,24,,,,
2024-09-22,202439,597.0,597,597,597,4209102,0.99327254,96.605225,0,4,420910220243920363,2025-10-02,1.159978,Joinville,617979.0,17.8833428571429,98.1239714285714,0,1,2,86.2202285714286,65.5385142857143,21.0343857142857,26.2867714285714,16,,,,
2024-09-29,202440,561.0,561,561,561,4209102,0.70970434,90.779785,0,4,420910220244020368,2025-10-07,1.0338119,Joinville,617979.0,15.5200714285714,94.1818714285714,0,0,2,81.7451571428571,64.4548571428571,19.0318714285714,23.9211142857143,14,,,,
2024-10-06,202441,546.0,546,546,546,4209102,0.31480345,88.352516,0,4,420910220244120376,2025-10-15,0.9714481,Joinville,617979.0,16.5932571428571,98.3911,0,0,2,89.2496857142857,74.1761,19.1373142857143,22.4952714285714,14,,,,
2024-10-13,202442,655.0,655,655,655,4209102,0.9942984,105.990654,0,4,420910220244220381,2025-10-20,1.1559424,Joinville,617979.0,17.1488285714286,96.6515285714286,0,1,2,86.6536571428571,72.3710142857143,19.4293,22.6052571428571,22,,,,
2024-10-20,202443,639.0,639,639,639,4209102,0.95109415,103.40157,0,4,420910220244320390,2025-10-29,1.0994499,Joinville,617979.0,19.5502571428571,95.9083428571429,1,1,2,82.9290428571429,62.0115,22.6026428571429,26.8276571428571,9,,,,
2024-10-27,202444,712.0,712,712,712,4209102,0.9944106,115.21427,0,4,420910220244420396,2025-11-04,1.1493323,Joinville,617979.0,17.5283571428571,96.0255571428571,0,1,2,85.5211714285714,70.9176285714286,19.9680142857143,23.0824857142857,31,,,,
2024-11-03,202445,809.0,809,809,809,4209102,0.99994165,130.9106,0,4,420910220244520404,2025-11-12,1.2231208,Joinville,617979.0,19.8345428571429,97.4554571428571,1,1,2,91.5169857142857,82.1275571428571,21.3659142857143,23.7368857142857,13,,,,
2024-11-10,202446,722.0,722,722,722,4209102,0.611689,116.83245,0,4,420910220244620410,2025-11-18,1.0150974,Joinville,617979.0,17.2745285714286,92.3582428571429,0,0,2,82.1071571428571,69.3746571428571,19.8686142857143,23.0083,16,,,,
2024-11-17,202447,728.0,728,728,728,4209102,0.3148131,117.80335,0,4,420910220244720418,2025-11-26,0.975201,Joinville,617979.0,18.7356,98.1999571428571,1,0,2,90.8061428571429,79.0405,20.5440285714286,23.0018,23,,,,
2024-11-24,202448,669.0,669,669,669,4209102,0.033961754,108.2561,0,4,420910220244820425,2025-12-03,0.9072081,Joinville,617979.0,19.4467857142857,97.3639714285714,1,0,2,85.1810571428571,67.494,22.4811142857143,26.3440428571429,11,,,,
2024-12-01,202449,676.0,676,676,676,4209102,0.17748468,109.38883,0,4,420910220244920432,2025-12-10,0.95153666,Joinville,617979.0,19.5310857142857,96.0096428571429,1,0,2,88.1658428571428,73.8422571428571,21.8408571428571,25.5060428571429,7,,,,
2024-12-08,202450,589.0,589,589,589,4209102,0.0048574954,95.310684,0,4,420910220245020438,2025-12-16,0.8647991,Joinville,617979.0,17.9570571428571,97.6313,0,0,2,89.8814,79.8149142857143,19.8023285714286,22.1051,12,,,,
2024-12-15,202451,667.0,667,667,667,4209102,0.6530145,107.93247,0,4,420910220245120438,2025-12-16,1.0218923,Joinville,617979.0,19.4276285714286,92.5873428571429,1,0,2,78.6605428571429,61.5128285714286,22.7425285714286,26.8194857142857,11,,,,
2024-12-22,202452,519.0,519,519,519,4209102,0.0006744279,83.98344,0,4,420910220245220438,2025-12-16,0.8272114,Joinville,617979.0,18.7264285714286,96.5750142857143,1,0,2,86.9974857142857,73.2664428571429,21.2341142857143,24.3095428571429,16,,,,
2024-12-29,202501,519.0,519,519,519,4209102,0.006666801,83.98344,0,4,420910220250120460,2026-01-07,0.86244047,Joinville,617979.0,20.3910142857143,96.7881857142857,1,0,2,84.6401857142857,66.8639857142857,23.1249285714286,26.8532857142857,17,,,,
2025-01-05,202502,589.0,589,589,589,4209102,0.79799765,95.310684,0,4,420910220250220460,2026-01-07,1.0504422,Joinville,617979.0,19.1475857142857,95.9721714285714,1,0,2,87.5151857142857,78.3091857142857,20.9025857142857,22.9371,15,,,,
2025-01-12,202503,548.0,548,548,548,4209102,0.43021512,88.676155,0,2,420910220250320487,2026-02-03,0.9894659,Joinville,617979.0,19.0975714285714,96.5202142857143,1,0,1,85.4080142857143,72.0032857142857,21.8374857142857,24.7856714285714,20,,,,
2025-01-19,202504,552.0,552,552,552,4209102,0.46522292,89.323425,0,2,420910220250420491,2026-02-07,0.99476874,Joinville,617979.0,21.8294857142857,95.3848285714286,1,0,1,84.5307714285714,68.5937714285714,25.1677142857143,28.9716285714286,34,,,,
2025-01-26,202505,536.0,536,536,536,4209102,0.29563305,86.73434,0,2,420910220250520495,2026-02-11,0.9679987,Joinville,617979.0,20.9568142857143,97.5693714285714,1,0,1,89.7452142857143,79.8924714285714,23.0618714285714,25.6124428571429,25,,,,
2025-02-02,202506,549.0,549,549,549,4209102,0.5371848,88.83797,0,2,420910220250620504,2026-02-20,1.0056556,Joinville,617979.0,21.8577428571429,96.0542428571429,1,0,1,87.5055,75.5182,23.9656571428571,26.6384571428571,22,,,,
2025-02-09,202507,562.0,562,562,562,4209102,0.7188342,90.941605,0,2,420910220250720508,2026-02-24,1.0354668,Joinville,617979.0,21.5457285714286,96.2472285714286,1,0,1,84.1444714285714,65.0807714285714,24.8931285714286,29.2249571428571,24,,,,
2025-02-16,202508,705.0,705,705,705,4209102,0.9999883,114.08154,0,2,420910220250820508,2026-02-24,1.2701116,Joinville,617979.0,22.1251857142857,96.4860714285714,1,1,1,87.4094285714286,74.2844,24.6669,27.8478285714286,31,,,,
2025-02-23,202509,796.0,796,796,796,4209102,0.9999999,128.80696,0,3,420910220250920508,2026-02-24,1.3220985,Joinville,617979.0,21.7892,98.4964142857143,1,1,1,86.5325857142857,68.4389714285714,24.7246142857143,28.4526714285714,42,,,,
2025-03-02,202510,748.0,748,748,748,4209102,0.95883197,121.03971,0,3,420910220251020508,2026-02-24,1.0962486,Joinville,617979.0,21.6240714285714,97.8891285714286,1,1,1,83.8216142857143,63.8002714285714,24.5717285714286,28.4952142857143,49,,,,
2025-03-09,202511,768.0,768,768,768,4209102,0.7361521,124.27607,0,3,420910220251120508,2026-02-24,1.0330145,Joinville,617979.0,20.3147571428571,95.2726428571429,1,0,1,86.3930142857143,73.6266571428571,22.2697428571429,24.9401142857143,73,,,,
2025-03-16,202512,818.0,818,818,818,4209102,0.92197275,132.36696,0,2,420910220251220508,2026-02-24,1.0739923,Joinville,617979.0,18.0369142857143,97.1013714285714,1,0,1,83.7439142857143,65.1154428571429,21.4132571428571,25.0307428571429,73,,,,
2025-03-23,202513,770.0,770,770,770,4209102,0.4689038,124.5997,0,2,420910220251320508,2026-02-24,0.99603635,Joinville,617979.0,20.4545285714286,98.3324714285714,1,0,1,88.3178428571428,72.8408571428571,22.9604428571429,26.2628,65,,,,
2025-03-30,202514,801.0,801,801,801,4209102,0.6492055,129.61606,0,2,420910220251420508,2026-02-24,1.0194203,Joinville,617979.0,19.8247,94.4471285714286,1,0,1,85.2468714285714,70.8731571428571,22.4356857142857,25.5367,103,,,,
2025-04-06,202515,743.0,743,743,743,4209102,0.14731327,120.23062,0,1,420910220251520508,2026-02-24,0.9477777,Joinville,617979.0,17.7991857142857,95.7874571428571,0,0,1,86.3156,72.7938714285714,19.9590714285714,22.8529857142857,88,,,,
2025-04-13,202516,727.0,727,727,727,4209102,0.11953033,117.64154,0,1,420910220251620508,2026-02-24,0.9410084,Joinville,617979.0,18.0594857142857,97.5867857142857,1,0,1,88.5368142857143,74.035,20.4291,23.2891571428571,76,,,,
2025-04-20,202517,908.0,908,908,908,4209102,0.99984986,146.93056,0,1,420910220251720508,2026-02-24,1.1939963,Joinville,617979.0,16.7472,93.6847428571429,0,1,1,83.7134142857143,69.0778714285714,19.0083571428571,21.8756714285714,95,,,,
2025-04-27,202518,887.0,887,887,887,4209102,0.99407315,143.53238,0,3,420910220251820508,2026-02-24,1.1311113,Joinville,617979.0,15.7779285714286,96.5255714285714,0,1,1,84.7086571428571,65.9281,18.6841428571429,22.2872,109,,,,
2025-05-04,202519,923.0,923,923,923,4209102,0.9657831,149.35782,0,3,420910220251920508,2026-02-24,1.0905223,Joinville,617979.0,17.1591285714286,97.5161571428571,0,1,1,85.2466285714286,64.8524142857143,20.3682142857143,24.9773714285714,69,,,,
2025-05-11,202520,900.0,900,900,900,4209102,0.6103324,145.63602,0,3,420910220252020508,2026-02-24,1.013337,Joinville,617979.0,15.5428857142857,97.1207571428571,0,0,1,86.7557142857143,69.1532428571429,18.0852714285714,21.4685285714286,82,,,,
2025-05-18,202521,862.0,862,862,862,4209102,0.18565592,139.48694,0,1,420910220252120508,2026-02-24,0.9582974,Joinville,617979.0,16.6121142857143,96.3665571428571,0,0,1,90.0034857142857,78.6546714285714,18.5573,21.4470428571429,91,,,,
2025-05-25,202522,809.0,809,809,809,4209102,0.029602828,130.9106,0,1,420910220252220508,2026-02-24,0.912416,Joinville,617979.0,13.9685,88.0160571428571,0,0,1,77.9657571428571,60.4939571428571,17.1107857142857,21.2920857142857,60,,,,
2025-06-01,202523,631.0,631,631,631,4209102,1.13116725e-08,102.10703,0,1,420910220252320508,2026-02-24,0.7464171,Joinville,617979.0,15.0426428571429,95.9580714285714,0,0,1,90.6719142857143,81.8552,16.8281714285714,19.1734428571429,37,,,,
2025-06-08,202524,457.0,457,457,457,4209102,0.0,73.95073,0,1,420910220252420508,2026-02-24,0.60014474,Joinville,617979.0,12.0957571428571,95.8832571428571,0,0,1,87.4381285714286,73.7136857142857,14.2102142857143,16.9020571428571,33,,,,
2025-06-15,202525,410.0,410,410,410,4209102,3.1084024e-12,66.3453,0,1,420910220252520508,2026-02-24,0.649909,Joinville,617979.0,14.6266142857143,95.6049,0,0,1,86.4961714285714,68.5011428571429,17.6259142857143,22.0548571428571,18,,,,
2025-06-22,202526,303.0,303,303,303,4209102,2.0401458e-12,49.030792,0,1,420910220252620508,2026-02-24,0.6082039,Joinville,617979.0,10.8328714285714,89.7569,0,0,1,80.3809714285714,68.4511857142857,13.7255571428571,17.3333571428571,20,,,,
2025-06-29,202527,224.0,224,224,224,4209102,1.2363444e-12,36.247185,0,1,420910220252720508,2026-02-24,0.56376535,Joinville,617979.0,10.9292,93.4109,0,0,1,86.2858285714286,76.0213285714286,12.7244,15.3596857142857,11,,,,
2025-07-06,202528,257.0,257,257,257,4209102,0.0069741625,41.587173,0,1,420910220252820508,2026-02-24,0.8139491,Joinville,617979.0,9.99965714285714,97.9822714285714,0,0,1,86.6632428571429,67.5621,13.7945714285714,18.3967428571429,9,,,,
2025-07-13,202529,244.0,244,244,244,4209102,0.20796059,39.483543,0,1,420910220252920508,2026-02-24,0.9302759,Joinville,617979.0,11.7082571428571,94.4921571428571,0,0,1,82.8887285714286,63.9307571428571,15.6959714285714,20.648,9,,,,
2025-07-20,202530,230.0,230,230,230,4209102,0.22562945,37.218094,0,1,420910220253020508,2026-02-24,0.93334,Joinville,617979.0,11.9466857142857,96.1402714285714,0,0,1,87.8633285714286,72.1998,14.6636428571429,18.9360142857143,4,,,,
2025-07-27,202531,161.0,161,161,161,4209102,6.0993716e-05,26.052666,0,1,420910220253120508,2026-02-24,0.67827576,Joinville,617979.0,10.5536,91.3847857142857,0,0,1,77.3228142857143,57.3065,14.4368142857143,19.7689,4,,,,
2025-08-03,202532,178.0,178,178,178,4209102,0.03326932,28.803568,0,1,420910220253220508,2026-02-24,0.83070886,Joinville,617979.0,12.1697571428571,95.5789,0,0,1,85.9496142857143,71.2249714285714,14.8723571428571,18.2283142857143,3,,,,
2025-08-10,202533,205.0,205,205,205,4209102,0.799474,33.17265,0,1,420910220253320508,2026-02-24,1.0883119,Joinville,617979.0,9.2525,95.6696571428571,0,0,1,83.2045571428571,64.8584714285714,13.1652,17.6799285714286,5,,,,
2025-08-17,202534,204.0,204,204,204,4209102,0.84383434,33.01083,0,1,420910220253420508,2026-02-24,1.107966,Joinville,617979.0,15.1245285714286,96.1686142857143,0,0,1,83.4387857142857,61.4048142857143,18.5938714285714,23.9041714285714,2,,,,
2025-08-24,202535,188.0,188,188,188,4209102,0.37714857,30.421745,0,1,420910220253520508,2026-02-24,0.96851707,Joinville,617979.0,13.2608571428571,96.3035,0,0,1,90.4349571428571,80.479,14.7255285714286,17.3670571428571,2,,,,
2025-08-31,202536,216.0,216,216,216,4209102,0.8053153,34.952644,0,1,420910220253620508,2026-02-24,1.088184,Joinville,617979.0,15.5060714285714,97.7080285714286,0,0,1,89.6006428571429,75.0195285714286,17.4888428571429,20.796,3,,,,
2025-09-07,202537,217.0,217,217,217,4209102,0.7945315,35.11446,0,1,420910220253720508,2026-02-24,1.0837872,Joinville,617979.0,12.8079857142857,95.4902,0,0,1,83.8820714285714,67.1338285714286,15.9220285714286,20.1347285714286,1,,,,
2025-09-14,202538,220.0,220,220,220,4209102,0.7193522,35.599915,0,1,420910220253820508,2026-02-24,1.0577205,Joinville,617979.0,14.9516142857143,97.5312,0,0,1,84.8035142857143,64.9300428571429,18.2223,22.973,3,,,,
2025-09-21,202539,237.0,237,237,237,4209102,0.8389793,38.35082,0,1,420910220253920508,2026-02-24,1.0974882,Joinville,617979.0,13.6368142857143,93.1749,0,0,1,80.2747142857143,61.8696714285714,16.9497714285714,20.7100285714286,7,,,,
2025-09-28,202540,219.0,219,219,219,4209102,0.44373184,35.4381,0,1,420910220254020508,2026-02-24,0.98662484,Joinville,617979.0,16.2923428571429,97.8504142857143,0,0,1,89.5773571428571,74.0493857142857,18.758,22.5269,3,,,,
2025-10-05,202541,211.0,211,211,211,4209102,0.2530816,34.143555,0,1,420910220254120508,2026-02-24,0.93833935,Joinville,617979.0,15.4303285714286,95.7930142857143,0,0,1,86.4513714285714,72.3381,17.8088714285714,21.2130571428571,7,,,,
2025-10-12,202542,242.0,242,242,242,4209102,0.82726794,39.15991,0,1,420910220254220508,2026-02-24,1.0915358,Joinville,617979.0,16.4150857142857,95.4639714285714,0,0,1,82.9521857142857,63.5492857142857,19.9967571428571,24.5936428571429,6,,,,
2025-10-19,202543,238.0,238,238,238,4209102,0.76697874,38.512634,0,1,420910220254320508,2026-02-24,1.0702622,Joinville,617979.0,13.7072,92.7586714285714,0,0,1,78.4576428571429,60.1231857142857,16.7352428571429,20.5084428571429,8,,,,
2025-10-26,202544,253.0,253,253,253,4209102,0.8329829,40.939903,0,1,420910220254420508,2026-02-24,1.0916808,Joinville,617979.0,16.5154857142857,98.1071,0,0,1,91.7320285714286,80.8581,18.3513,20.7643285714286,7,,,,
2025-11-02,202545,254.0,254,254,254,4209102,0.72323644,41.10172,0,1,420910220254520508,2026-02-24,1.0546763,Joinville,617979.0,17.4053142857143,96.8748428571429,0,0,1,85.6192,68.0410571428571,19.9012285714286,23.5088714285714,7,,,,
2025-11-09,202546,268.0,268,268,268,4209102,0.80500054,43.36717,0,1,420910220254620508,2026-02-24,1.0785482,Joinville,617979.0,15.3122714285714,96.0558571428571,0,0,1,82.4446142857143,65.9973714285714,18.5485571428571,22.2612,0,,,,
2025-11-16,202547,226.0,226,226,226,4209102,0.10391507,36.570824,0,1,420910220254720508,2026-02-24,0.89133954,Joinville,617979.0,16.1637714285714,93.8832285714286,0,0,1,82.1532,65.8496142857143,19.7216142857143,24.1069,8,,,,
2025-11-23,202548,262.0,262,262,262,4209102,0.6712781,42.396263,0,1,420910220254820508,2026-02-24,1.0398669,Joinville,617979.0,16.8585142857143,97.2652142857143,0,0,1,87.0719285714286,72.3940714285714,19.6432714285714,23.1747,5,,,,
2025-11-30,202549,301.0,301,301,301,4209102,0.985996,48.707157,0,1,420910220254920508,2026-02-24,1.2062973,Joinville,617979.0,18.6102285714286,96.4711857142857,1,1,1,83.0432,64.0464571428572,21.5913857142857,25.8177142857143,10,,,,
2025-12-07,202550,315.0,315,315,315,4209102,0.9818213,50.972607,0,3,420910220255020508,2026-02-24,1.190125,Joinville,617979.0,19.6795714285714,92.6239571428571,1,1,1,78.6383571428571,61.5136428571429,22.8418428571429,26.9170285714286,10,,,,
2025-12-14,202551,276.0,276,276,276,4209102,0.30618367,44.661713,0,3,420910220255120508,2026-02-24,0.9582525,Joinville,617979.0,18.8116571428571,95.9256428571429,1,0,1,82.7166285714286,65.9842571428571,22.0039428571429,25.6292428571429,19,,,,
2025-12-21,202552,172.0,172,173,172,4209102,1.740143e-08,27.83266,0,2,420910220255220508,2026-02-24,0.5936073,Joinville,617979.0,22.2383857142857,96.8516142857143,1,0,1,82.0190571428571,60.1561857142857,26.0236285714286,31.0420428571429,31,,,,
2025-12-28,202553,256.0,256,257,256,4209102,0.4436788,41.425354,0,2,420910220255320508,2026-02-24,0.9876064,Joinville,617979.0,22.2727714285714,97.1375428571429,1,0,1,85.4168857142857,67.1298285714286,25.2246,29.1781285714286,28,,,,
2026-01-04,202601,330.0,330,331,330,4209102,0.9999771,53.39987,0,2,420910220260120508,2026-02-24,1.4130338,Joinville,617979.0,19.0031428571429,94.6380428571428,1,1,1,83.6884714285714,68.7803857142857,21.8557285714286,25.4710428571429,7,,,,
2026-01-11,202602,327.0,327,329,327,4209102,0.9979871,52.91442,0,3,420910220260220508,2026-02-24,1.2694504,Joinville,617979.0,20.9708714285714,96.0631,1,1,1,85.5348571428571,69.0062,24.2966142857143,28.3407428571429,8,,,,
2026-01-18,202603,249.0,248,253,248,4209102,0.02040509,40.292633,0,3,420910220260320508,2026-02-24,0.83918667,Joinville,617979.0,17.4315571428571,94.0700285714286,0,0,1,80.4403571428571,65.8831142857143,20.5994285714286,23.5305428571429,8,,,,
2026-01-25,202604,248.0,246,252,246,4209102,0.015150988,40.130814,0,1,420910220260420508,2026-02-24,0.83063626,Joinville,617979.0,19.7215,97.5848285714286,1,0,1,86.1253,70.3660571428571,22.7614285714286,26.2861428571429,12,,,,
2026-02-01,202605,221.0,218,227,218,4209102,0.014325882,35.761734,0,1,420910220260520508,2026-02-24,0.82041216,Joinville,617979.0,20.7008428571429,97.5533571428571,1,0,1,85.8060142857143,67.6561142857143,23.582,27.4413142857143,31,,,,
2026-02-08,202606,188.0,179,220,177,4209102,0.0045461184,30.421745,0,2,420910220260620508,2026-02-24,0.7769677,Joinville,617979.0,21.0066571428571,97.3220142857143,1,0,1,86.3534571428571,69.8269,23.6904571428571,27.0505428571429,134,,,,
2026-02-15,202607,174.5,106,437,93,4209102,0.013851959,28.237206,0,2,420910220260720508,2026-02-24,0.8003691,Joinville,617979.0,22.100975,97.4181,1,0,1,85.974475,69.958525,25.1163,28.8399,93,,,,
